,tag
0,성수동맛집
1,칼국수맛집
2,수육맛집
3,뚝섬맛집
4,저장각
5,칼국수
6,성동구맛집
7,평이담백뼈칼국수
8,뚝섬
9,성수핫플
10,점심메뉴
11,hddpandarice
12,성수동맛집
13,중식맛집
14,마파두부
15,성수동데이트
16,뚝섬맛집
17,맛집추천
18,서울맛집
19,덮밥맛집
20,돈부리파스타
21,돈부리파스타
22,맛집경보
23,맛집경보
24,서울맛집
25,송파맛집
26,잠실맛집
27,신천동맛집
28,송파구맛집
29,송파동맛집
30,송리단길맛집
31,양식맛집
32,수비드스테이크
33,로제파스타
34,요것저것
35,파주맛집
36,분식맛집
37,떡꼬치
38,떡맛집
39,떡볶이맛집
40,파주여행
41,애플하우스
42,퐁퐁
43,서울맛집
44,동작맛집
45,동작구맛집
46,이수맛집
47,총신대맛집
48,서울분식
49,서울분식맛집
50,떡볶이
51,떡볶이맛집
52,서울떡볶이
53,즉석떡볶이
54,군만두
55,군만두맛집
56,만두맛집
57,분식맛집
58,92닭숯불바베큐
59,장안동
60,서울맛집
61,동대문구맛집
62,장안동맛집
63,장안동
64,장한평역맛집
65,치킨맛집
66,바베큐치킨
67,술집
68,먹스타그램
69,맛스타그램
70,쩝쩝박사
71,먹스타소통
72,치느님
73,치킨스타그램
74,먹팔
75,치맥
76,좋반
77,맛집스타그램
78,맛팔
79,숯불바베큐
80,서보
81,강남
82,썸띵어바웃커피
83,옥수수스콘
84,피스타치오치즈케이크
85,강남역맛집
86,강남역카페
87,강남역카페추천
88,강남역디저트
89,스콘맛집
90,스콘
91,케이크맛집
92,먹스타그램
93,먹팔
94,보슬보슬
95,강남역맛집
96,키토김밥
97,김밥맛집
98,저장각
99,강남맛집
100,역삼역맛집
101,역삼맛집
102,역삼동맛집
103,김밥
104,계란김밥
105,서울앵무새
106,서울맛집
107,성수동맛집
108,뚝섬맛집
109,서울숲맛집
110,문래창작촌
111,성수
112,연남
113,문래소품샵
114,바이바이바이
115,문래방구
116,문래카페
117,문래맛집
118,일상
119,방학
120,대학생
121,서울맛집
122,서울맛집
123,시청역맛집
124,유림면
125,미쉐린가이드서울
126,사진분명찍었는데어디갔지
127,서울여행피드는이제끝
128,닭만리
129,성신여대맛집
130,통닭
131,치킨
132,돈암동맛집
133,데이트맛집
134,성신여대데이트
135,성신여대맛집닭만리
136,종로3가맛집
137,인생맛집
138,서울맛집
139,익선동맛집
140,고대맛집
141,안암맛집
142,덕유산숯불구이
143,몽탄
144,몽탄짚불구이
145,서울맛집
146,비스트로
147,비스트로피자
148,찐맛집
149,피자
150,명작광고
151,서울간판
152,간판
153,인천간판
154,갈바간판
155,채널간판
156,안녕지구인
157,감성술집
158,서울맛집
159,국민전골
160,낙곱새
161,사천맛집
162,연남동맛집
163,홍대맛집
164,연남동데이트
165,홍대데이트
166,서울맛집추천
167,서울맛집
168,홍대핫플
169,연남동핫플
170,홍대맛집추천
171,연남동파스타
172,홍대파스타
173,홍대역맛집
174,가로수길
175,쮸즈
176,이민호딤섬
177,최강
178,배민원
179,JMT
180,부안집
181,쫀득살
182,오득살
183,오돌뼈
184,원조부안집
185,영등포
186,영등포맛집
187,맛집
188,서울맛집
189,고기맛집
190,영등포고깃집
191,먹방
192,먹스타그램
193,술을부르는맛
194,먹보
195,멘야코노하
196,뚝섬맛집
197,성수맛집
198,서울숲맛집
199,대학로데이트
200,혜화역초밥
201,대학로초밥
202,혜화역데이트
203,대학로스시
204,혜화역스시
205,대학로연극
206,혜화역연극
207,대학로맛집
208,혜화역맛집
209,대학로카페
210,혜화카페
211,대학로스시마시따
212,혜화역스시마시따
213,서울대학교병원
214,사주카페
215,사주잘보는곳
216,사주운세
217,사주상담
218,사주
219,운명
220,운세
221,일상
222,대한민국구석구석
223,서울맛집
224,대학로데이트
225,혜화역초밥
226,대학로초밥
227,혜화역데이트
228,대학로스시
229,혜화역스시
230,대학로연극
231,혜화역연극
232,대학로맛집
233,혜화역맛집
234,대학로카페
235,혜화카페
236,대학로스시마시따
237,혜화역스시마시따
238,서울대학교병원
239,사주카페
240,사주잘보는곳
241,사주운세
242,사주상담
243,사주
244,운명
245,운세
246,일상
247,대한민국구석구석
248,서울맛집
249,대학로데이트
250,혜화역초밥
251,대학로초밥
252,혜화역데이트
253,대학로스시
254,혜화역스시
255,대학로연극
256,혜화역연극
257,대학로맛집
258,혜화역맛집
259,대학로카페
260,혜화카페
261,대학로스시마시따
262,혜화역스시마시따
263,서울대학교병원
264,사주카페
265,사주잘보는곳
266,사주운세
267,사주상담
268,사주
269,운명
270,운세
271,일상
272,대한민국구석구석
273,서울맛집
274,대학로데이트
275,혜화역초밥
276,대학로초밥
277,혜화역데이트
278,대학로스시
279,혜화역스시
280,대학로연극
281,혜화역연극
282,대학로맛집
283,혜화역맛집
284,대학로카페
285,혜화카페
286,대학로스시마시따
287,혜화역스시마시따
288,서울대학교병원
289,사주카페
290,사주잘보는곳
291,사주운세
292,사주상담
293,사주
294,운명
295,운세
296,일상
297,대한민국구석구석
298,서울맛집
299,대학로데이트
300,혜화역초밥
301,대학로초밥
302,혜화역데이트
303,대학로스시
304,혜화역스시
305,대학로연극
306,혜화역연극
307,대학로맛집
308,혜화역맛집
309,대학로카페
310,혜화카페
311,대학로스시마시따
312,혜화역스시마시따
313,서울대학교병원
314,사주카페
315,사주잘보는곳
316,사주운세
317,사주상담
318,사주
319,운명
320,운세
321,일상
322,대한민국구석구석
323,서울맛집
324,여주눈썹문신
325,부산눈썹문신
326,수원눈썹문신
327,익산동맛집
328,동학사맛집
329,송내맛집
330,부천눈썹문신
331,영통맛집
332,인천반영구
333,서울맛집
334,잠실눈썹문신
335,창원눈썹문신
336,송파눈썹문신
337,일산맛집
338,천안반영구
339,하남눈썹문신
340,주례맛집
341,천안네일
342,연화리맛집
343,물금맛집
344,대학로데이트
345,혜화역초밥
346,대학로초밥
347,혜화역데이트
348,대학로스시
349,혜화역스시
350,대학로연극
351,혜화역연극
352,대학로맛집
353,혜화역맛집
354,대학로카페
355,혜화카페
356,대학로스시마시따
357,혜화역스시마시따
358,서울대학교병원
359,사주카페
360,사주잘보는곳
361,사주운세
362,사주상담
363,사주
364,운명
365,운세
366,일상
367,대한민국구석구석
368,서울맛집
369,대학로데이트
370,혜화역초밥
371,대학로초밥
372,혜화역데이트
373,대학로스시
374,혜화역스시
375,대학로연극
376,혜화역연극
377,대학로맛집
378,혜화역맛집
379,대학로카페
380,혜화카페
381,대학로스시마시따
382,혜화역스시마시따
383,서울대학교병원
384,사주카페
385,사주잘보는곳
386,사주운세
387,사주상담
388,사주
389,운명
390,운세
391,일상
392,대한민국구석구석
393,서울맛집
394,스시려프리미엄
395,대학로데이트
396,혜화역초밥
397,대학로초밥
398,혜화역데이트
399,대학로스시
400,혜화역스시
401,대학로연극
402,혜화역연극
403,대학로맛집
404,혜화역맛집
405,대학로카페
406,혜화카페
407,대학로스시마시따
408,혜화역스시마시따
409,서울대학교병원
410,사주카페
411,사주잘보는곳
412,사주운세
413,사주상담
414,사주
415,운명
416,운세
417,일상
418,대한민국구석구석
419,서울맛집
420,도쿄등심
421,서울가볼만한곳
422,서울맛집
423,서울데이트
424,데이트코스
425,데이트
426,놀러갈만한곳
427,세상은넓고맛집은많다
428,먹스타그램
429,맛스타그램
430,먹방
431,먹톡
432,인생맛집
433,레알맛집
434,선릉맛집
435,서울실내데이트
436,서울데이트
437,주말갈만한곳
438,대학로데이트
439,혜화역초밥
440,대학로초밥
441,혜화역데이트
442,대학로스시
443,혜화역스시
444,대학로연극
445,혜화역연극
446,대학로맛집
447,혜화역맛집
448,대학로카페
449,혜화카페
450,대학로스시마시따
451,혜화역스시마시따
452,서울대학교병원
453,사주카페
454,사주잘보는곳
455,사주운세
456,사주상담
457,사주
458,운명
459,운세
460,일상
461,대한민국구석구석
462,서울맛집
463,대학로데이트
464,혜화역초밥
465,대학로초밥
466,혜화역데이트
467,대학로스시
468,혜화역스시
469,대학로연극
470,혜화역연극
471,대학로맛집
472,혜화역맛집
473,대학로카페
474,혜화카페
475,대학로스시마시따
476,혜화역스시마시따
477,서울대학교병원
478,사주카페
479,사주잘보는곳
480,사주운세
481,사주상담
482,사주
483,운명
484,운세
485,일상
486,대한민국구석구석
487,서울맛집
488,익선동
489,익선동맛집
490,한국맛집
491,서울맛집
492,익선동맛집추천
493,서울맛집추천
494,여행스타그램
495,먹스타그램
496,익선애뜻
497,food
498,foodie
499,foodstagram
500,foodphotography
501,travel
502,travelphotography
503,korea
504,nini
505,대학로데이트
506,혜화역초밥
507,대학로초밥
508,혜화역데이트
509,대학로스시
510,혜화역스시
511,대학로연극
512,혜화역연극
513,대학로맛집
514,혜화역맛집
515,대학로카페
516,혜화카페
517,대학로스시마시따
518,혜화역스시마시따
519,서울대학교병원
520,사주카페
521,사주잘보는곳
522,사주운세
523,사주상담
524,사주
525,운명
526,운세
527,일상
528,대한민국구석구석
529,서울맛집
530,대학로데이트
531,혜화역초밥
532,대학로초밥
533,혜화역데이트
534,대학로스시
535,혜화역스시
536,대학로연극
537,혜화역연극
538,대학로맛집
539,혜화역맛집
540,대학로카페
541,혜화카페
542,대학로스시마시따
543,혜화역스시마시따
544,서울대학교병원
545,사주카페
546,사주잘보는곳
547,사주운세
548,사주상담
549,사주
550,운명
551,운세
552,일상
553,대한민국구석구석
554,서울맛집
555,연남동맛집
556,홍대맛집
557,연남동데이트
558,홍대데이트
559,서울맛집추천
560,서울맛집
561,홍대핫플
562,연남동핫플
563,홍대맛집추천
564,연남동파스타
565,홍대파스타
566,홍대역맛집
567,대학로데이트
568,혜화역초밥
569,대학로초밥
570,혜화역데이트
571,대학로스시
572,혜화역스시
573,대학로연극
574,혜화역연극
575,대학로맛집
576,혜화역맛집
577,대학로카페
578,혜화카페
579,대학로스시마시따
580,혜화역스시마시따
581,서울대학교병원
582,사주카페
583,사주잘보는곳
584,사주운세
585,사주상담
586,사주
587,운명
588,운세
589,일상
590,대한민국구석구석
591,서울맛집
592,진대감서초점
593,서초동맛집
594,교대역맛집
595,서울맛집
596,서초동맛집진대감
597,남부터미널맛집
598,서초맛집
599,강남맛집
600,익산모현
601,창업
602,맛집
603,서울맛집
604,프랜차이즈
605,먹방
606,인스타맛집
607,팔로우
608,셀카
609,인테리어
610,맛스타그램
611,먹스타그램
612,좋아요
613,부산맛집
614,카페스타그램
615,대구맛집
616,인천카페
617,맛집
618,다이어트
619,운동스타그램
620,빵스타그램
621,대전카페
622,여행스타그램
623,다이어터
624,좋아요반사
625,다이어트
626,천안맛집
627,서울카페
628,세종카페
629,세종맛집
630,팔로워
631,리뷰
632,곱창
633,곱창맛집
634,대창
635,말뚝곱창
636,동대문마라탕
637,동대문마라샹궈
638,동역사마라탕
639,동역사마라샹궈
640,동대문맛집
641,동대문마라샹궈
642,두타몰맛집
643,서울마라샹궈
644,마라샹궈맛집
645,한통가득
646,냠
647,찐맛집
648,맛집
649,먹스타소통
650,먹스타그램꿈나무
651,foodstagrams
652,좋아요반사테러
653,먹스타그램
654,맞팔해요
655,소통스타그램
656,likeforlikes
657,좋반테러
658,followforfollowback
659,먹스타그램
660,먹팔해요
661,데이트코스
662,데이트
663,후라이드치킨
664,치킨먹방
665,서울맛집
666,마트치킨
667,영등포육식당
668,영등포
669,영등포육식당영등포점
670,영등포맛집
671,영등포역맛집
672,서울맛집
673,영등포맛집영등포육식당
674,영등포고기집
675,영등포역
676,영등포구
677,영등포맛집추천
678,창업
679,맛집
680,서울맛집
681,프랜차이즈
682,먹방
683,인스타맛집
684,팔로우
685,셀카
686,인테리어
687,맛스타그램
688,먹스타그램
689,좋아요
690,부산맛집
691,카페스타그램
692,대구맛집
693,인천카페
694,맛집
695,다이어트
696,운동스타그램
697,빵스타그램
698,대전카페
699,여행스타그램
700,다이어터
701,좋아요반사
702,다이어트
703,천안맛집
704,서울카페
705,세종카페
706,세종맛집
707,팔로워
708,리뷰
709,먹스타그램
710,뽀모도로
711,광화문뽀모도로
712,광화문맛집
713,종로맛집
714,서울맛집
715,파스타맛집
716,서울파스타맛집
717,계옥정
718,디럭스상회
719,첫줄
720,직장인일상
721,일상기록
722,주말데이트
723,데이트코스
724,문래맛집
725,문래동맛집
726,술스타그램
727,문래창작촌
728,핫플레이스
729,낮술
730,소주안주
731,노포맛집
732,서울맛집
733,좋아요
734,먹스타그램
735,맛집추천
736,푸드텔링
737,이천승우
738,내돈내산맛집
739,내돈내산후기
740,리그램
741,선릉
742,선릉역
743,강남
744,강남맛집
745,강남역
746,선릉역맛집
747,선릉
748,선릉네일
749,송파
750,문정동
751,문정역맛집
752,문정동맛집
753,암사
754,오븐베이크
755,까눌레
756,스콘
757,디저트
758,먹스타그램
759,일상
760,천호
761,dessert
762,맛집
763,food
764,초콜릿
765,앙버터스콘
766,선물
767,sweet
768,암사맛집
769,천호맛집
770,레몬케이크
771,서울맛집
772,서울디저트
773,수제디저트
774,브라우니
775,까눌레맛집
776,답례품
777,마들렌
778,크럼블
779,휘낭시에
780,민트초코
781,서울
782,서울맛집
783,서울맛집추천
784,서울카페
785,서울카페추천
786,서울핫플레이스
787,서울미용실
788,서울애견카페
789,서울애견미용실
790,서울헬스장
791,서울필라테스
792,서울빵집
793,서울꽈베기
794,서울도넛
795,서울술집
796,키오스크
797,카드단말기
798,포스기
799,성동구
800,성동구카페
801,성동구카페추천
802,성동구맛집
803,성동구맛집추천
804,성동구미용실
805,성동구애견미용실
806,성동구애견카페
807,성동구빵집
808,성동구헬스장
809,성동구필라테스
810,성동구술집
811,해물파전
812,잔치국수
813,차돌박이숙주볶음
814,양재맛집
815,서초맛집
816,용국수
817,서울맛집
818,인스타맛집
819,존맛
820,JMT
821,먹스타그램
822,먹방
823,먹팔
824,맛스타그램
825,맛집
826,맞팔
827,먹스타
828,먹스타맞팔
829,맛집추천
830,선팔
831,인스타푸드
832,푸드스타그램
833,food
834,foodstargram
835,서울
836,서울맛집
837,서울맛집추천
838,서울카페
839,서울카페추천
840,서울핫플레이스
841,서울미용실
842,서울애견카페
843,서울애견미용실
844,서울헬스장
845,서울필라테스
846,서울빵집
847,서울꽈베기
848,서울도넛
849,서울술집
850,키오스크
851,카드단말기
852,포스기
853,금천구맛집
854,금천구맛집추천
855,금천구카페
856,금천구카페추천
857,금천구미용실
858,금천구필라테스
859,금천구헬스장
860,금천구애견카페
861,금천구애견미용실
862,금천구네일
863,카페장라이더스
864,카페장서울
865,창동
866,창동맛집
867,창동포차
868,창동카페
869,창동브런치
870,창동파스타
871,서울맛집
872,서울카페
873,서울이쁜카페
874,맛집
875,맛집추천
876,푸드스타그램
877,서울
878,서울맛집
879,서울맛집추천
880,서울카페
881,서울카페추천
882,서울핫플레이스
883,서울미용실
884,서울애견카페
885,서울애견미용실
886,서울헬스장
887,서울필라테스
888,서울빵집
889,서울꽈베기
890,서울도넛
891,서울술집
892,키오스크
893,카드단말기
894,포스기
895,중랑구
896,중랑구맛집
897,중랑구맛집추천
898,중랑구카페
899,중랑구카페추천
900,중랑구미용실
901,중랑구애견카페
902,중랑구애견미용
903,중랑구헬스장
904,중랑구필라테스
905,중랑구빵집
906,중랑구술집
907,원조부안집영등포역점
908,영등포맛집
909,영등포역맛집
910,영등포역맛집원조부안집
911,서울맛집
912,영등포고기집
913,원주
914,원주생생정보
915,원주카페
916,원주맛집
917,원주여행
918,원주맘
919,태장동맛집
920,우산동맛집
921,봉산동맛집
922,중앙동맛집
923,명륜동맛집
924,무실동맛집
925,관설동맛집
926,봉산동맛집
927,행구동맛집
928,관설동맛집
929,원주기업도시맛집
930,원주혁신도시맛집
931,서울맛집
932,서울
933,서울맛집
934,서울맛집추천
935,서울카페
936,서울카페추천
937,서울핫플레이스
938,서울미용실
939,서울애견카페
940,서울애견미용실
941,서울헬스장
942,서울필라테스
943,서울빵집
944,서울꽈베기
945,서울도넛
946,서울술집
947,키오스크
948,카드단말기
949,포스기
950,관악구맛집
951,관악구맛집추천
952,관악구카페
953,관악구카페추천
954,관악구미용실
955,관악구헬스장
956,관악구필라테스
957,관악구애견카페
958,관악구애견미용실
959,관악구빵집
960,서울대
961,서울대학로
962,서울
963,서울맛집
964,서울맛집추천
965,서울카페
966,서울카페추천
967,서울핫플레이스
968,서울미용실
969,서울애견카페
970,서울애견미용실
971,서울헬스장
972,서울필라테스
973,서울빵집
974,서울꽈베기
975,서울도넛
976,서울술집
977,키오스크
978,카드단말기
979,포스기
980,도봉구
981,도봉구맛집
982,도봉구맛집추천
983,도봉구카페
984,도봉구카페추천
985,도봉구미용실
986,도봉구헬스장
987,도봉구필라테스
988,도봉구애견카페
989,도봉구애견미용실
990,도봉구빵집
991,도봉구술집
992,꽃다운주점
993,응암
994,응암동
995,꽃다운주점응암오거리점
996,은평구응암동
997,응암맛집
998,응암동맛집
999,응암맛집꽃다운주점
1000,응암오거리맛집
1001,새절역맛집
1002,서울
1003,서울맛집
1004,새절역
1005,응암역
1006,왕십리카페
1007,테라스
1008,서울카페
1009,홍콩와플
1010,베이커리카페
1011,서울맛집
1012,길음맛집
1013,치킨매니아
1014,새우치킨
1015,생맥주
1016,대표님저희또먹고싶습니다
1017,오투베이커리
1018,순수생크림케이크
1019,돈가스
1020,마제소바
1021,돈가스맛집
1022,강남
1023,맛집
1024,서울
1025,서울맛집
1026,삼성역
1027,일본음식
1028,선릉
1029,선릉역
1030,강남
1031,강남맛집
1032,강남역
1033,선릉역맛집
1034,선릉
1035,선릉네일
1036,송파
1037,문정동
1038,문정역맛집
1039,문정동맛집
1040,포엠
1041,사장님친절해요
1042,명동포엠
1043,명동디저트
1044,명동디저트맛집
1045,명동빙수
1046,명동빙수맛집
1047,명동맛집
1048,서울맛집
1049,강북맛집
1050,서울디저트맛집
1051,서울여행맛집
1052,먹스타그램
1053,먹스타
1054,돼지파티
1055,낼부터다이어트
1056,서울맛집
1057,인스타맛집
1058,존맛
1059,JMT
1060,먹스타그램
1061,먹방
1062,먹팔
1063,맛스타그램
1064,맛집
1065,맞팔
1066,먹스타
1067,먹스타맞팔
1068,맛집추천
1069,선팔
1070,인스타푸드
1071,푸드스타그램
1072,food
1073,foodstargram
1074,청와옥
1075,을지로맛집
1076,잠실맛집
1077,사당맛집
1078,군자역맛집
1079,먹팔
1080,청계천맛집
1081,송파구데이트
1082,을지로핫플
1083,먹방투어
1084,맛집그램
1085,송파밥집
1086,서울맛집
1087,군자맛집
1088,맛집인정
1089,기장군
1090,서울맛집
1091,종로구맛집
1092,용산구맛집
1093,성동구맛집
1094,광진구맛집
1095,동대문구맛집
1096,중랑구맛집
1097,성북구맛집
1098,강북구맛집
1099,도봉구맛집
1100,노원구맛집
1101,은평구맛집
1102,서대문구맛집
1103,마포구맛집
1104,양천구맛집
1105,강남
1106,가가솥밥
1107,가가솥밥강남점
1108,최강
1109,카도베이킹스튜디오
1110,카도베이킹
1111,베이킹
1112,베이킹스튜디오
1113,제과점
1114,케이크
1115,구움과자
1116,디저트
1117,서울
1118,서울맛집
1119,서울케이크
1120,관악구
1121,관악구맛집
1122,봉천동
1123,봉천동케이크
1124,행운동
1125,샤로수길
1126,샤로수길케이크
1127,샤로수길맛집
1128,낙성대
1129,낙성대맛집
1130,테이크아웃
1131,baking
1132,cake
1133,cookies
1134,dessert
1135,sweet
1136,seoulcafe
1137,korea
1138,koreanfood
1139,서울맛집
1140,seoul
1141,한국여행
1142,맛집
1143,첫줄
1144,선팔환영
1145,선팔
1146,선팔하면맞팔
1147,선팔하면맞팔가요
1148,팔로우
1149,팔로잉
1150,맛집
1151,맛집투어
1152,맛집탐방
1153,카페투어
1154,카페
1155,카페맛집
1156,인천
1157,서울
1158,경기
1159,인천맛집
1160,서울맛집
1161,경기맛집
1162,인천카페
1163,서울카페
1164,경기카페
1165,맛집스타그램
1166,셀카
1167,셀카스타그램
1168,사진
1169,서울맛집
1170,홍대맛집
1171,강남맛집
1172,연남동맛집
1173,논현동맛집
1174,논현맛집
1175,신논현맛집
1176,신사동맛집
1177,신사맛집
1178,가로수길맛집
1179,이태원맛집
1180,종로맛집
1181,잠실맛집
1182,익선동맛집
1183,압구정맛집
1184,인천맛집
1185,인천여행
1186,인천데이트
1187,인천명소
1188,인천축제
1189,서울근교
1190,송도맥주축제
1191,서촌맛집
1192,서촌술집
1193,서촌낮술
1194,서촌카페
1195,경복궁맛집
1196,경복궁술집
1197,경복궁낮술
1198,하이볼맛집
1199,낮술맛집
1200,사케맛집
1201,사시미맛집
1202,야키토리맛집
1203,인왕산맛집
1204,서울맛집
1205,청와대맛집
1206,광화문맛집
1207,광화문술집
1208,삼청동맛집
1209,삼청동술집
1210,북촌맛집
1211,북촌술집
1212,서촌데이트
1213,서촌핫플
1214,경복궁핫플
1215,키에리
1216,키에리이태원점
1217,kyrei
1218,이태원카페
1219,이태원맛집
1220,카페
1221,카페투어
1222,카페스타그램
1223,카페추천
1224,티라미수
1225,티라미수맛집
1226,치즈케이크
1227,케이크
1228,디저트
1229,디저트맛집
1230,존맛
1231,빵
1232,존맛탱
1233,맛집
1234,서울맛집
1235,맛집추천
1236,맛스타그램
1237,먹스타그램
1238,맞팔
1239,서촌맛집
1240,서촌술집
1241,서촌낮술
1242,서촌카페
1243,경복궁맛집
1244,경복궁술집
1245,경복궁낮술
1246,서울낮술
1247,홍대낮술
1248,삼청동맛집
1249,삼청동술집
1250,북촌맛집
1251,북촌술집
1252,청와대맛집
1253,서울맛집
1254,인왕산맛집
1255,광화문맛집
1256,광화문술집
1257,서촌데이트
1258,서촌핫플
1259,경복궁핫플
1260,하이볼맛집
1261,낮술맛집
1262,사케맛집
1263,사시미맛집
1264,첫줄
1265,선팔환영
1266,선팔
1267,선팔하면맞팔
1268,선팔하면맞팔가요
1269,팔로우
1270,팔로잉
1271,맛집
1272,맛집투어
1273,맛집탐방
1274,카페투어
1275,카페
1276,카페맛집
1277,인천
1278,서울
1279,경기
1280,인천맛집
1281,서울맛집
1282,경기맛집
1283,인천카페
1284,서울카페
1285,경기카페
1286,맛집스타그램
1287,한식뷔페
1288,한식
1289,첫줄
1290,선팔환영
1291,선팔
1292,선팔하면맞팔
1293,선팔하면맞팔가요
1294,팔로우
1295,팔로잉
1296,맛집
1297,맛집투어
1298,맛집탐방
1299,카페투어
1300,카페
1301,카페맛집
1302,인천
1303,서울
1304,경기
1305,인천맛집
1306,서울맛집
1307,경기맛집
1308,인천카페
1309,서울카페
1310,경기카페
1311,맛집스타그램
1312,대부도
1313,대부도여행
1314,휴가
1315,휴가가자
1316,선릉
1317,선릉역
1318,강남
1319,강남맛집
1320,강남역
1321,선릉역맛집
1322,선릉
1323,선릉네일
1324,송파
1325,문정동
1326,문정역맛집
1327,문정동맛집
1328,서촌맛집
1329,서촌술집
1330,서촌낮술
1331,서촌카페
1332,경복궁맛집
1333,경복궁술집
1334,경복궁낮술
1335,서울낮술
1336,홍대낮술
1337,삼청동맛집
1338,삼청동술집
1339,북촌맛집
1340,북촌술집
1341,청와대맛집
1342,인왕산맛집
1343,광화문맛집
1344,광화문술집
1345,서울맛집
1346,서촌핫플
1347,경복궁핫플
1348,서촌데이트
1349,하이볼맛집
1350,낮술맛집
1351,사케맛집
1352,사시미맛집
1353,선릉
1354,선릉역
1355,강남
1356,강남맛집
1357,강남역
1358,선릉역맛집
1359,선릉
1360,선릉네일
1361,송파
1362,문정동
1363,문정역맛집
1364,문정동맛집
1365,선릉
1366,선릉역
1367,강남
1368,강남맛집
1369,강남역
1370,선릉역맛집
1371,선릉
1372,선릉네일
1373,송파
1374,문정동
1375,문정역맛집
1376,문정동맛집
1377,선릉
1378,선릉역
1379,강남
1380,강남맛집
1381,강남역
1382,선릉역맛집
1383,선릉
1384,선릉네일
1385,송파
1386,문정동
1387,문정역맛집
1388,문정동맛집
1389,오제제
1390,오제제서울
1391,서울맛집
1392,용산구맛집
1393,맛스타그램
1394,안심카츠
1395,등심카츠
1396,맛집인정
1397,생각보다맛있다
1398,생각보다잘살고있어
1399,생각보다잘지내요
1400,주말
1401,여행
1402,서울여행
1403,서울가볼만한곳
1404,우정스타그램
1405,럽스타그램
1406,주말데이트
1407,일상
1408,셀피
1409,셀스타그램
1410,인싸의삶
1411,서울데이트
1412,서울
1413,우정여행
1414,이태원맛집
1415,한남맛집
1416,이태원
1417,서울맛집
1418,델리카트슨한남
1419,델리카트슨
1420,송리단길
1421,온량
1422,송파구맛집
1423,석촌호수맛집
1424,방이동맛집
1425,방이먹자골목
1426,잠실맛집
1427,석촌호수카페
1428,송파맛집
1429,올림픽공원맛집
1430,가락시장맛집
1431,올림픽공원
1432,가락동맛집
1433,잠실새내맛집
1434,천호맛집
1435,송리단길카페
1436,석촌동맛집
1437,송리단길
1438,송리단길맛집
1439,송파카페
1440,서울맛집
1441,먹스타그램
1442,천호술집
1443,천호맛집
1444,신상핫플
1445,신상카페
1446,먹팔
1447,먹팔환영
1448,서울맛집
1449,강남맛집
1450,강남역맛집
1451,고에몬
1452,일본풍스파게티
1453,dailyfoodpics
1454,spagetti
1455,hotplace
1456,gangnam
1457,foodies
1458,핫플술집
1459,공릉
1460,네온서울
1461,도봉구맛집
1462,방학동맛집
1463,창동맛집
1464,노원맛집
1465,공릉동맛집
1466,쌍문맛집
1467,쌍문동맛집
1468,미아역
1469,미아맛집
1470,미아사거리맛집
1471,수유맛집
1472,수유역
1473,성신여대맛집
1474,성신여대
1475,서울맛집
1476,대학로맛집
1477,혜화맛집
1478,혜화역맛집
1479,도봉맛집
1480,노원구맛집
1481,데이트코스
1482,혜화데이트코스
1483,먹스타그램
1484,신상카페
1485,신상핫플
1486,먹팔
1487,먹팔환영
1488,별미곱창
1489,더파크뷰
1490,신라호텔
1491,신라호텔뷔페
1492,서울뷔페
1493,서울뷔페맛집
1494,신라호텔더파크뷰
1495,더파크뷰
1496,뷔페맛집
1497,서울맛집
1498,서울맛집투어
1499,맛집투어
1500,맛스타그램
1501,먹스타그램
1502,부베트서울
1503,부베트
1504,압구정맛집
1505,브런치맛집
1506,맛집추천
1507,100일추천추천
1508,선팔추천추천
1509,일상기록
1510,수원역맛집탐방
1511,논현맛집추천
1512,반반치킨여행
1513,성남동맛집추천
1514,맛있어요탐방
1515,먹는행복여행
1516,소통환영추천
1517,소통해요
1518,용인맛집여행
1519,초딩입맛탐방
1520,맞팔추천추천
1521,청담동맛집탐방
1522,울산맛집탐방
1523,먹방중
1524,성남눈썹문신
1525,먹는재미
1526,맛집찾아삼만리
1527,목포속눈썹
1528,연산동맛집
1529,서울맛집
1530,남포동맛집
1531,첫줄
1532,인스타그램
1533,셀스타그램
1534,인친환영
1535,맞팔
1536,좋아요
1537,선팔
1538,오오티디
1539,패션
1540,옷스타그램
1541,셀카
1542,셀피
1543,데일리
1544,팔로우
1545,청바지맛집
1546,블라우스맛집
1547,서울맛집
1548,도매문의환영
1549,보세도매
1550,울산보세옷
1551,보세옷가게
1552,시즌오프세일
1553,땡처리
1554,밴드가비샵검색
1555,주문및문의사항은
1556,문자나카톡주세요
1557,010
1558,명일동브런치
1559,암사동브런치
1560,암사역맛
1561,명일역맛집
1562,암사맛집
1563,줄서는식당
1564,천호역맛집
1565,파스타프랜차이즈
1566,1인창업
1567,면식수행
1568,고등어
1569,운수좋은날
1570,영등포육식당영등포점
1571,영등포역맛집
1572,영등포고기집
1573,영등포맛집
1574,서울맛집
1575,영등포공원
1576,영등포맛집영등포육식당
1577,영등포타임스퀘어맛집
1578,영등포타임스퀘어
1579,영등포롯데백화점
1580,영등포동맛집
1581,원조웰빙용두동쭈꾸미
1582,홍굴이해물짬뽕
1583,모토벨로A10프로
1584,수묵당
1585,미도인노원
1586,소갈비살
1587,소갈비살맛집
1588,서울맛집
1589,맛집투어
1590,맛집추천
1591,점심스타그램
1592,저녁메뉴추천
1593,저녁스타그램
1594,온더테이블
1595,먹팔
1596,먹방
1597,좋반
1598,좋테
1599,좋아요반사
1600,밥스타그램
1601,5000원의행복
1602,사장님진심
1603,서울맛집
1604,길스타그램
1605,일상
1606,폰스타그램
1607,따스한곱창
1608,곱창맛집
1609,도봉구곱창맛집
1610,도봉구곱창추천
1611,도봉동곱창추천
1612,서울
1613,서울맛집
1614,서울곱창
1615,서울곱창맛집
1616,서울곱창추천
1617,도봉구곱창
1618,도봉구곱창잘하는곳
1619,도봉구
1620,도봉구맛집
1621,도봉동곱창
1622,도봉동곱창맛집
1623,술안주
1624,매콤한술안주
1625,중독성있는맛
1626,곱창전골추천
1627,곱창전골
1628,곱창맛집
1629,배달
1630,배달의민족
1631,요기요
1632,야채곱창
1633,로제곱창
1634,소금곱창
1635,스시옥
1636,수제초밥전문점
1637,커플세트
1638,서대문맛집
1639,북가좌동맛집
1640,명지대초밥맛집
1641,서울맛집
1642,증가로맛집
1643,초밥맛집
1644,서울초밥맛집
1645,혼술환영
1646,배민맛집
1647,속눈썹연장
1648,속눈썹펌
1649,합정
1650,홍대
1651,홍대미용실
1652,홍대속눈썹
1653,합정속눈썹
1654,데일리
1655,일상
1656,좋아요
1657,좋아요반사
1658,좋반
1659,소통
1660,소통해요
1661,홍대피플
1662,속눈썹맛집
1663,선팔맞팔
1664,좋반테러
1665,코로나19물러가라
1666,코로나19극복
1667,홍대맛집
1668,이태원맛집
1669,서울맛집
1670,속눈썹맛집
1671,연남동맛집
1672,홍대맛집
1673,연남동데이트
1674,홍대데이트
1675,서울맛집추천
1676,서울맛집
1677,홍대핫플
1678,연남동핫플
1679,홍대맛집추천
1680,연남동파스타
1681,홍대파스타
1682,홍대역맛집
1683,회현
1684,회현동
1685,회현역
1686,회현맛집
1687,회현동맛집
1688,회현역맛집
1689,중구맛집
1690,서울맛집
1691,파스타
1692,피자
1693,레스토랑
1694,회현피자
1695,회현파스타
1696,회현동피자
1697,회현동파스타
1698,회현역피자
1699,회현역파스타
1700,회현동레스토랑
1701,회현역레스토랑
1702,나폴리피자
1703,핏제리아
1704,요리인류
1705,검벽돌집
1706,베닉스
1707,남산
1708,남산맛집
1709,남산돈까스
1710,남산파스타
1711,회현동데이트
1712,남산데이트
1713,연남동맛집
1714,홍대맛집
1715,연남동데이트
1716,홍대데이트
1717,서울맛집추천
1718,서울맛집
1719,홍대핫플
1720,연남동핫플
1721,홍대맛집추천
1722,연남동파스타
1723,홍대파스타
1724,홍대역맛집
1725,연남동맛집
1726,홍대맛집
1727,연남동데이트
1728,홍대데이트
1729,서울맛집추천
1730,서울맛집
1731,홍대핫플
1732,연남동핫플
1733,홍대맛집추천
1734,연남동파스타
1735,홍대파스타
1736,홍대역맛집
