,location_info,location_href,date_time,daste_title,main_text
0,성수동,https://www.instagram.com/explore/locations/900435633651424/,2022-08-26T09:15:57.000Z,"8월 26, 2022","happydust2022
기다림
.
.
.
.
#street #streetview #crosswalk #waiting #citylife #cityscenery #people #seoul #walkview #seoulkorea #redlight #trafficlight #tripseoul #travelkorea #cityphoto #도시 #기다리는중 #신호등 #서울구경 #걷다가 #서울 #풍경사진 #거리풍경 #거리 #거리사진
3시간"
1,서울,https://www.instagram.com/explore/locations/213094191/,2022-05-26T13:05:59.000Z,"5월 26, 2022","bigapple_cotsong
#SEOUL

서울이 맨날 재밌는 꽃송이🐶🌸

운동 안가는 날은 꽃송이 여기저기 구경시켜주는 날😊

#타다 타고 집에 가는데, 무슨 관광마치고 호텔 들어가는 길 같았다 🏨🚌

#여행가고싶다✈️
#꽃송이랑파리가고싶다
13주"
2,홍대 어딘가,https://www.instagram.com/explore/locations/373640073/,2022-08-25T04:04:20.000Z,"8월 25, 2022","p_icland
_-_-_-_-_-_-_-_-_-_-_-_-_-_-_-_
📷 Sony a7iii
⚙️ fe 70-200 gm
🛠 200mm | F2.8 | ISO 80 | SS 1/640
-_-_-_-_-_-_-_-_-_-_-_-_-_-_-_-_-_-_-_-
.
.
.
.
.
.
.
.
.
.
.
.
.
.
.
.
#70200 #a7m3
#sonyphotography
#streetphotography
#photo_korea
#streetphotographer
#alleyphotography
#moodytoning
#photolover
#koreastreet
#streetview
#snapshots
1일
번역 보기"
3,,,2022-02-11T13:51:34.000Z,"2월 11, 2022","joong.h_lee
Spring is almost upon us! I am ready! This shot has nothing to do with spring btw. More of a self-reminder to go back when it's dark and the neon signs are lit 🔥 Aren't you curious to see how dope this alley looks at night? 😎 Have a great weekend everyone!
#neonvibes #moodygrams #TGIF
27주
번역 보기"
4,,,2022-03-06T06:23:09.000Z,"3월 6, 2022","kids___trip
도심 속 힐링과 명상을 테마로 한 미디어아트 상설 전시공간인
경복궁역에 위치한 [서울메트로미술관]

현재 상설 진행 중인 광화문 도심 속 미디어 정원이 전시중이에요
5G 기술로 광화문과 함께 시간과 공간을 초월해 전세계의 과거와 현재, 그리고 미래가 연결
실시간으로 변화하는 정원 속 빛의 풍경을 느낄수 있습니다

➖➖➖➖➖➖➖➖➖➖➖➖➖➖➖➖➖➖

•위치
경복궁역 서울메트로미술관 2관
•운영시간
주중 10시 ~ 22시 (주말, 공휴일 포함)

•이용료
무료

𝙏𝙄𝙋!

🏷체험인원 최대 10명
🏷소요시간 약 30분
🏷체험방법 자율관람

👩‍👧‍👦 #엄마표여행 ▶ @kids___trip 에 방문하시면 더많은 정보가 있답니다
⠀
⠀
⠀

📸소중한 사진 @_hong_c.h 공유해주셔서 감사합니다💜
수정됨 · 24주"
5,,,2022-05-20T09:02:09.000Z,"5월 20, 2022","seoulplanet
.
❤ ""월리 x 만전 팝업스토어"" 💙
여행을 좋아하는 월리를 위한
초특급 여행 필수템 “월리트래블팩”이 탄생했어!👏
❤💙❤💙❤💙❤💙
이번 팝업스토어에서 첫 공개되는
월리 x 만전의 월리트래블팩!✨
이번에 현대백화점에서 진행되니
얼른가서 이벤트도 참여하고
소장욕구 뿜뿜한 월리 굿즈들
만나보러 가쟈구><💕

@같이 갈 친구 소환!
⠀
⠀
🎁팝업스토어 현장 EVENT🎁
1. 꽝 없는 뽑기 이벤트
팝업 스토어 내 “SPECIAL ZONE”에서
뽑기 뽑고 사은품 받아가기
2.SNS 인증 이벤트
팝업 스토어 내 “PHOTO ZONE”에서
월리 트래블팩 풍선과 사진 찍고 스티커 받아가기
⠀
⠀
📌현대백화점 신촌점 유플렉스 지하 2층 팝업행사장
📌05.20(금)~05.29(일)
📌@manjun_seaweed_kore
⠀
⠀
#이벤트 #월리만전 #월리트래블팩 #만전팝업스토어 #현대백화점 #팝업스토어 #서울 #서울여행 #서울핫플레이스 #서울전시회 #서울핫플 #서울나들이 #서울데이트 #서울데이트코스 #서울가볼만한곳 #서울구경
수정됨 · 14주"
6,롯데월드 (lotteworld),https://www.instagram.com/explore/locations/949584/lotteworld/,2022-08-25T05:59:19.000Z,"8월 25, 2022","ssoyoungjang
너굴너굴😎

#롯데월드
#서울구경
#사람구경
#지난주목요일
#휴일
1일"
7,국립현대미술관 서울관,https://www.instagram.com/explore/locations/102129424656483/,2022-08-23T19:39:37.000Z,"8월 24, 2022","yunjeong3255
#첫줄

산에 가기 전 #서울구경

1.2 #국립현대미술관 #이건희컬렉션이중섭특별전
그의 삶이 아프게 느껴진다.
가족을 그리는 마음이 절절한 《현해탄》

3.4 #카페상국 #창덕궁뷰 #창덕궁뷰카페
나는 궁이 정말 좋다. 전생에 무수리?

5~7 #한옥게스트하우스 #복합한옥공간곳
예쁜 숙소. 주인장의 섬세한 손길 👍
등짐이 오바다. #킬리배낭

8.9 #창경궁 #창경궁야간개장
창경궁은 상시 밤 9시까지. 입장료 천원.

10. #경춘자의라면땡기는날 #삼청동맛집 #짬뽕라면
나는 먹는거 앞 사진이 젤 예쁘다고 한다.
뭥미?

#잠이안와 #불면의밤
내일 오또카지?🥺🥺🥺
수정됨 · 2일"
8,청와대,https://www.instagram.com/explore/locations/404799684/,2022-05-26T12:36:35.000Z,"5월 26, 2022","hot_chu
오늘자 더 핫해진 청.와.대
74년 만에 개방이라던데 ㅎㄷㄷ
⠀
오늘부터 본관, 관저 내부 공개로 더 핫해진 청와대!
입장 줄은 짧으나 내부 관람 최소 웨이팅 2시간…(절.대.못.해)
⠀
그래서 준비했습니다! 웨이팅 없이~
누구보다 알차게 청와대 즐기는 방법 및 관람 포인트
지금 바로 소개해드립니당 :)
⠀
📍청와대 🍯꿀Tip
✅입퇴장 춘추문, 영빈문, 정문 가능! (사람적은 춘추문 추천)
✅영빈관, 본관 내부 줄 서서 입장 (평일 오전 07:00 방문추천)
✅청와대 본관 앞 포토스팟! (짧은 웨이팅줄 있습니다!)
✅녹지원 정원에서 휴식 강력 추천! (냇가가 이뿜)
✅춘추관 가는 길 대문에서 인증샷 필수!
✅헬기장 인디언 텐트에서 휴식 필수! (완전편함)
✅헬기장 거북이 조각상 머리 만지면 소원이!
⠀
또 언제 가보겠어 하는 마음으로 방문한 청와대
살면서 한 번쯤 방문할 만한 가치 충분합니다.
다들 관람 신청 도전해보세요!
(네이버에서 관람 신청 가능 :)
⠀
#청와대 #청와대관람 #청와대개방
#서울여행 #서울나들이 #서울핫플레이스
수정됨 · 13주"
9,여의도한강공윈,https://www.instagram.com/explore/locations/769277942/,2022-08-26T12:24:02.000Z,"8월 26, 2022","1._.sol.2
여기는 한강💜 6일 뒤면 개강..😭
#한강 #한강공원 #여의도한강공원 #여의나루 #여의도 #날씨좋다☀️ #서울 #서울구경 #대학생 #개강
27분"
10,용산 미군기지 장교숙소 5단지,https://www.instagram.com/explore/locations/102307735282486/5/,2022-08-26T12:02:15.000Z,"8월 26, 2022","photographer_the_k
말할 수 없는 비밀
49분"
11,,,2022-08-26T12:02:58.000Z,"8월 26, 2022","okkbk2020
#덕수궁

날씨는 무덥지만
간만에 관람에 나만 신났다~😍
열심히 설명하는 날보며
큰아들램은 사실 관심없다며..
😭😭😭
쌩 하니 가버리네~

다음엔 경복궁이닷~!!🎶😘

#속초맘 #서울구경 #덕수궁돌담길
#덕수궁석조전 #덕수궁투어
#역사좋아 #나만좋아 #전생에살던곳인가
#아둘맘 #역사스타그램 #고궁투어 #아이들과역사체험
48분"
12,코엑스 Coex Gangnam. Seoul Korea,https://www.instagram.com/explore/locations/316441325602033/coex-gangnam-seoul-korea/,2022-08-26T12:03:15.000Z,"8월 26, 2022","solling_____sz
우왕 100가지 맛이 있는 배스킨라빈스라니!
(아무도 말 안했지만 분명 촌스러웠을 우리..)

허니치즈트랩만 바라보며 사는
허치트 덕후라서 혹시나 하고 가봤지만
역시나 없었다 올 겨울에 꼭 나오길 🙏

#베스킨라빈스 #100가지맛 #서울구경
48분"
13,대학로/혜화,https://www.instagram.com/explore/locations/329699551/,2022-08-26T10:45:55.000Z,"8월 26, 2022","hyj_0509
이쁜 우리딸♡
#사랑한다그램#서울구경#해맑은아이#20220826☀️
2시간"
14,,,2022-08-26T10:06:22.000Z,"8월 26, 2022","charming__ssun
시너지가 성공률 높은 이유?
⠀⠀⠀⠀⠀⠀
⠀⠀⠀⠀⠀⠀
할맛나니까유🤣
효과가 눈에 보이니
더 의지가 활활 타오르고🔥🔥🔥
성공률이 높을 수 밖에 없어요❤️
⠀⠀⠀⠀⠀⠀
⠀⠀⠀⠀⠀⠀
매일보는 남친이 알아보고
직장동료가 알아보니
살빠지는 재미를 보신다고 하고,
신이 나서 챙겨먹게 되죠🙈
(근데 심지어 맛있기까지〰〰〰)
⠀⠀⠀⠀⠀⠀
⠀⠀⠀⠀⠀⠀
같은 효과라면,
1년 하시겠어요? 한달 하시겠어요?
시너지 장점이
기간이 짧고➰ 효과가 빠르다는거➰
⠀⠀⠀⠀⠀⠀
⠀⠀⠀⠀⠀⠀
""저 의지가 약해요.."" 하시던 분들도
인생다이어트 성공하시는 이유입니다🌷
⠀⠀⠀⠀⠀⠀
⠀⠀⠀⠀⠀⠀
⠀⠀⠀⠀⠀⠀
🔖𝐝𝐢𝐞𝐭문의는 디엠 또는 프로필링크 𝐜𝐥𝐢𝐜𝐤 ♡̷̷̷
2시간"
15,"서촌 Seochon Hanok Village, Seoul Korea",https://www.instagram.com/explore/locations/607225924/seochon-hanok-village-seoul-korea/,2022-08-26T09:33:41.000Z,"8월 26, 2022","lwj75
서촌구경
노부에서 달을보다 낫또소바 먹고~
통인시장에서 용암같은 기름떡볶이도 먹어보고
😁😁

#노부 #서촌 #누상동 #소바맛집 #서촌구경 #세종마을 #서촌맛집 #통인시장맛집 #기름떡볶이 #낫또소바 #달을보다낫또소바 #서울구경 #경복궁역맛집 #용암 #서촌노부 #자가제면맛집
수정됨 · 3시간"
16,,,2022-08-26T08:52:13.000Z,"8월 26, 2022","sangchul.baek93
.
잠수교 패닝샷!
나도 찍혀봤다! 소원성취👍😆
멋있게 찍어주신 작가님들 감사드립니다!
광주에서 왔다고 엄청 많이 찍어주심ㅎㅎ
이번주일요일부터 잠수교는 차랑 바이크가
통제고 보행만가능 하다고합니다!
정말 운이좋게 다녀올수있어서 너무좋았습니다!

#광주 #서울 #서울투어 #서울구경
#잠수교 #잠수교패닝샷 #패닝샷
#잠수교에서 #잠수교야경 #잠수교라이딩
#잠수교투어 #잠수교촬영 #잠수교통제
#잠수교사진 #바튜매 #바튜매사진
#바튜매패닝샷 #제임스교 #잼수교
4시간"
17,,,2022-08-26T08:43:24.000Z,"8월 26, 2022","swenringtreaddi31
#마스크#7살#유치원#선생님#고쳐줌#중동#오만#아빠#일하러간#백아빠#촌놈#서울구경#서울역#부산역#물총새#운해#소나무#아침풍경
4시간"
18,,,2022-08-26T08:40:13.000Z,"8월 26, 2022","sun._.k
남편이랑 보내는 #여름휴가 💕 잠안자고 비 쫄딱맞고 신나게 놀고 먹느라 수고했슴다🤣🤣
.
.
.
.
.
.
.
.
.
.
.
.
.
#서울구경 #광장시장 #전라도횟집 #박가네빈대떡 #찹쌀꽈배기#소주 #당일치기 #강원도여행 #정동진 #속초 #비 #무지개 #초당순두부 #오징어순대 #오징어회 #만석닭강정 #맥주 #남편이랑 #먹부림여행🐷 #오랜만에 #사진 #찍었는데 #발로찍었나 #허허허😅 #좋아요 #좋충 #팔로미 #😝😝
수정됨 · 4시간"
19,,,2022-08-26T08:30:36.000Z,"8월 26, 2022","db_suwon_kim
#아들생일
#11살생일
#서울나들이1

아들이 생일을 맞아서
#서울구경 가고싶단다~

예전에 엄마랑 단둘이 2층버스타고 강남역갔던게
너무 좋은기억으로 남은 우리아들♥️

오늘도 보여주고싶은곳이 많아서
고민고민하다가
윤범이가 가고싶은 대학교 투어로 결정!!

#연세대학교신촌캠퍼스

이야~~역시 좋구만~~
그리고 연대 역사가 이렇게 깊은줄 새삼 알았네~ㅎㅎ

엄마는 늘 대학이 전부는 아니다,
니가 잘하는거, 좋아하는거하며
인성이 먼저라고 가르쳤다만..
그래 아들아!!!
연대를 가는것도 너무 좋겠구나!!🤣🤣🤣🤣

마침 졸업식과 신입생환영회도 하고 있어서
더 의미있는 투어였다😄

딸램 위해서 이대도 보구싶었으나
담에 또 와보자구!!

#생일축하해아들 ♥️♥️
#건강하게만자라렴 😁😁
#초등일상
#초등육아
#초등맘 #아들맘 #딸맘 #남매맘
#워킹맘
#DB손해보험설계사
수정됨 · 4시간"
20,달달헤롱,https://www.instagram.com/explore/locations/100309896094748/,2022-08-26T08:25:05.000Z,"8월 26, 2022","dohee_1262
💜더 현대
.
💜서울가서 찍은 사진 딱 1장
💜너무 좋아서 사진찍을 정신없네
💜21년지기 언니같은 동생
💜2년만에 백화점 구경간다하니 하루 제껴버린
언니생각하는 이쁜동생
💜담엔 주문진에서 보자
💜꿈만 같았던 서울
💜현실은 주문진
💜열심히 일하자
.
#서울
#서울짱
#서울좋아
#지하철도타고
#서울구경
#서울로휴가
#더현대
4시간"
21,,,2022-08-26T07:14:07.000Z,"8월 26, 2022","babipuri
바비 최애 치치삼촌이
#서울구경 말고 #북한구경 시켜주는 중
#울흘흐곽궁 😛 #밥이온킹
수정됨 · 2시간"
22,대한민국,https://www.instagram.com/explore/locations/215622513/,2022-08-26T07:01:15.000Z,"8월 26, 2022","tpgus1224
뉴 광화문광장

📷 Nikon Z fc

#광화문광장 #광화문 #서울 #서울구경 #산책 #취미사진 #거리사진 #초보사진 #일상사진 #사진계정 #사진스타그램 #photo #photography
5시간"
23,남산 서울타워 Namsan Seoul Tower,https://www.instagram.com/explore/locations/431107224112358/namsan-seoul-tower/,2022-08-26T05:58:29.000Z,"8월 26, 2022","sjchoi0626
서울 구경하러 남산타워에 다녀왔어요.
멋진 경치를 보니 기분이 넘 좋아지네요.
힐링하고 갑니다^^
2022.08.22.
#남산타워 #N서울타워 #사랑의열쇠 #서울구경 #야경 #일상스타그램 #서울전망 #seoul #ntower #view #tour #travel #힐링타임
6시간"
24,,,2022-08-26T05:45:06.000Z,"8월 26, 2022","peter_no.1
교우의 전시회 소식에
직접 가서 축하 드리고,
뜻밖에 많은 교우들을 만났어요.

만나면 늘 반갑고 잘 통하는
벗님도 만나고~^^
날씨도 좋고 라떼는 맛나고
여러모로 기분 좋은 날임미다. ㅎ

#금요일 #가회동 #인사동
#만남 #그리고 #뜻밖의만남
#먹쉬돈나 #떡볶이 #블루보틀
#삼청동 #라떼 #전시회 #구경
#서울구경 #많은걸얻은 #오늘
7시간"
25,,,2022-08-26T05:44:00.000Z,"8월 26, 2022","hae__772
🍃 사이트는 상단링크에 있습니다 🙋‍♀️
⠀
[ 인스타는 일부만 업뎃 합니다. ]
❥ 사이트에서는 수만가지 상품과
상세사진 및 사이즈 확인 가능합니다 :)
⠀
╔═══•| ✿ |•═══╗
⠀
⠀⠀𝑜𝑟𝑖𝑔𝑖𝑛𝑎𝑙 𝑞𝑢𝑎𝑙𝑖𝑡𝑦
⠀⠀𝑅𝑈𝐶𝐼𝐸𝐿𝑀𝐴𝐿𝐿🏷
⠀⠀
╚═══•| ✿ |•═══╝
⠀
⠀
⠀
.• DM / 댓글 문의 ❌
.• 현금 / 카드결제 무이자할부 ⭕
.• 3차 철저한 검수진행
.• 검수사진 또는 검수영상 제공
.• 배송기간은 출고 후 2-3주 소요
.• 수령할때까지 배송상시체크 후 안내
.• 모든제품 풀박스 구성
⠀
⠀
⠀
인스타 / 사이트에 없는
상품도 구매가능해용 🙆‍♀️
⠀
⠀
이미 한번 구매하신 언니들은
소개도 많이 해주시공
몇년째 쭉- 한결같이 이용중인
언니들이 많은 루시엘몰이에요 ✌
⠀
⠀
정품퀄리티로 이젠 당당하게 사용하세요 'ڡ'४
문의는 프로필 상단 링크로 문의주세욥 💛
⠀
⠀
⠀
⠀
7시간"
26,Hongdae,https://www.instagram.com/explore/locations/2406677259565356/hongdae/,2022-08-26T04:59:13.000Z,"8월 26, 2022","p_icland
_-_-_-_-_-_-_-_-_-_-_-_-_-_-_-_
📷 Sony a7iii
⚙️ fe 70-200 gm
🛠 200mm | F2.8 | ISO 80 | SS 1/400
-_-_-_-_-_-_-_-_-_-_-_-_-_-_-_-_-_-_-_-
.
.
.
.
.
.
.
.
.
.
.
.
.
.
.
.
#70200 #a7m3
#sonyphotography
#streetphotography
#photo_korea
#streetphotographer
#streetclassics
#streetmoment
#streetsnapshot
#photolover
#koreastreet
#streetview
#snapshots
수정됨 · 7시간
번역 보기"
27,,,2022-08-26T04:33:25.000Z,"8월 26, 2022","ruciel_mall_1120
🍃 사이트는 상단링크에 있습니다 🙋‍♀️
⠀
[ 인스타는 일부만 업뎃 합니다. ]
❥ 사이트에서는 수만가지 상품과
상세사진 및 사이즈 확인 가능합니다 :)
⠀
╔═══•| ✿ |•═══╗
⠀
⠀⠀𝑜𝑟𝑖𝑔𝑖𝑛𝑎𝑙 𝑞𝑢𝑎𝑙𝑖𝑡𝑦
⠀⠀𝑅𝑈𝐶𝐼𝐸𝐿𝑀𝐴𝐿𝐿🏷
⠀⠀
╚═══•| ✿ |•═══╝
⠀
⠀
⠀
.• DM / 댓글 문의 ❌
.• 현금 / 카드결제 무이자할부 ⭕
.• 3차 철저한 검수진행
.• 검수사진 또는 검수영상 제공
.• 배송기간은 출고 후 2-3주 소요
.• 수령할때까지 배송상시체크 후 안내
.• 모든제품 풀박스 구성
⠀
⠀
⠀
인스타 / 사이트에 없는
상품도 구매가능해용 🙆‍♀️
⠀
⠀
이미 한번 구매하신 언니들은
소개도 많이 해주시공
몇년째 쭉- 한결같이 이용중인
언니들이 많은 루시엘몰이에요 ✌
⠀
⠀
정품퀄리티로 이젠 당당하게 사용하세요 'ڡ'४
문의는 프로필 상단 링크로 문의주세욥 💛
⠀
⠀
⠀
⠀
8시간"
28,,,2022-08-26T04:22:07.000Z,"8월 26, 2022","j_sujung86
올 가을 종종 지나가며 보게 될 모습. 열심히 준비해서 좋은 소식 전할께요.
#서울구경 #지나가는길 #전철에서찍은 #풍경
8시간"
29,롯데월드 (lotteworld),https://www.instagram.com/explore/locations/949584/lotteworld/,2022-08-26T04:11:40.000Z,"8월 26, 2022","x_ong_ah
마음은 아직도 롯데월드 ❤️‍🔥
8시간"
30,,,2022-08-26T03:55:02.000Z,"8월 26, 2022","snksn0515
8.25

제주도민 출국날

#제주도민#서울나들이#외할머니댁#4박5일#일정#서울구경
#이모가바빠#같이못놀아줬네#서울지하철#태워드림
#김포공항까지모셔다드리고
#조카사랑#태승이지후니#떠나네
#60밤지나고#이모가간다#일상#데일리#금요일
수정됨 · 9시간"
31,,,2022-08-26T03:35:58.000Z,"8월 26, 2022","gamkkot_story
#서울구경

촌 사람들
청와대.창경궁.롯데타워😄😄

아는 만큼 보인다더니
해설자님과 함께한
창경궁 야간투어는 정말
너무 좋았다.
얼마나 재밌게 역사공부를
했던지....

큰 목적을 두고 서울을 간건
아니라 주변을 걷고
먹고 다녔는데도 너무 힘들어
오후엔 호텔에 들어와
두어시간을 쉬었다가 다시
저녁을 먹으러 나가는 체력에
다들 해외가겠냐며😪

그래 놓고 새벽 5시까지
수다를 떨어 마지막날 일정은
점심 먹고 집 가는 걸로
급 마무리🤣😪

ㆍ2022.08.23~25
ㆍ
#청와대관람
#롯데타워실망😄
#창경궁#공예박물관
#사투리는덤😄
#어쩌다서울관광
수정됨 · 9시간"
32,,,2022-08-26T03:19:49.000Z,"8월 26, 2022","esperl_mall0003
❥ 프로필 하단 링크 누르시면 연결
⠀
링크 접속 후 에스펄몰 모든상품보기 🙋🏻‍♀️
아이콘을 누른 후 왼쪽 하단 카테고리 누르고
원하시는 브랜드를 선택해주세요
⠀
❥-❥-❥-❥-❥ ᴇsᴘᴇʀʟᴍᴀʟʟ
⠀
⠀
❥･•고퀄리티 상품만 취급 원조 고퀄맛집
⠀
❥･•프로필사진_프로필명
특수문자,기호,이모티콘
[ 익명성은 답변 안드립니다 🤚] ⠀
⠀
❥･•배송기간은 공휴일 주말제외 2-3주
소요 재촉 절대 사양 ⠀
⠀
❥･•모든 상품 풀박스구성 패키지 ⠀
⠀
❥･•무이자 최대 6개월 카드결제 가능
⠀
❥･•출고전 개인톡으로 검수사진
또는 영상 제공 후 송장번호 제공 ⠀
⠀
❥･•격이다른 고퀄맛집 원조 에스펄몰
사칭 채널 주의 카톡 아이디 𝗲𝘀𝗽𝗲𝗿𝗹𝗺𝗮𝗹𝗹
⠀
⠀
구매 이전부터 🚀 로켓배송 으로
생각하시는 분들 국내배송 아니에요 !!
해외배송 입니다 ✈ 비매너 채팅분들
모두 답변 드리지 않습니다 양해부탁드려요🙏🏻
⠀
✔ 구매 이력이 없으실 경우
상품 문의는 최대 3개 까지만 봐드려요 🙏🏻
너무 많은 상품 문의는 문의량이 밀리고
다른 고객님들 에게 빠른 피드백이 어려워집니다 🥲..
⠀
✔ 1대1 오더 제품으로 단순변심으로 인한
교환 , 환불 불가 하오니 신중한 구매 부탁 드려요
⠀
⠀
피드에 없는 상품 문의도 가능해용 •͈ᴗ•͈ 💛
⠀
고퀄맛집 원조집으로
핵 유명한 에스펄몰 이쥬 👍🏻
⠀
아는 사람들은 다 아는 그 곳
에스펄몰을 흉내내는 업체들이
있으므로 꼭 카톡 친추 문의 또는
프로필 하단 링크를 꾸우욱 눌러주셔용 💚
⠀
❥-❥-❥-❥-❥ 카톡 채널 명
𝗘 𝗦 𝗣 𝗘 𝗥 𝗟 𝗠 𝗔 𝗟 𝗟
⠀
⠀
9시간"
33,대한민국,https://www.instagram.com/explore/locations/215622513/,2022-08-26T02:36:59.000Z,"8월 26, 2022","tpgus1224
22년 8월 25일, 서울 어느 횡단보도.

두려운듯 두 귀를 막은 그림자와

그에게 손을 내미는 그림자.

나는 어느쪽일까🍓

📷 Nikon Z fc

#서울구경 #횡단보도 #그림자 #취미사진 #일상사진 #거리사진 #사진계정 #사진스타그램 #photo #photography
수정됨 · 10시간"
34,,,2022-08-25T08:37:36.000Z,"8월 25, 2022","jjong_m222
22.08.25
1일"
35,,,2022-08-26T02:33:11.000Z,"8월 26, 2022","ahyun1900
아주 오~랜만에 삼성동 코엑스 전시회 아이델꾸 왔다구 빠꾸먹구 #별마당도서관 보고 깜짝 놀랜 촌아줌마와 그 아들, 구경하고 감탄하고 오래앉아있다가 돌아감
#서울구경
#삼성역
수정됨 · 4시간"
36,,,2022-08-26T01:32:16.000Z,"8월 26, 2022","hoo_hoo_father
방학마지막날,,
아부지따라 일하러,,,,
겜하러옴,,🤣🤣

#방학마지막날 #첫째똥깽이
#지후빠 #아둘빠 #서울구경
11시간"
37,,,2022-08-25T23:54:53.000Z,"8월 26, 2022","xreueaqbvop85463586
😕#여자골프 👯#재밌다 😎#투자자 🍱#왕돈까스 🐖#신복관 🌟#오늘의저녁 🌱#제주헬스 ⛅#누드드로잉 🙈#산 🐹#고성펜션 🐲#자매여행 😤#서울구경 😇#불금 🙎#아산맛집 👷#새벽기도
13시간"
38,사패산,https://www.instagram.com/explore/locations/100377472207671/,2022-08-25T23:32:12.000Z,"8월 26, 2022","yunjeong3255
#첫줄

어쩌다 #사패산 #우중산행
피드로만 본 예쁜 #사패산정상석
연예인 본 느낌.

#불수사도북
종주는 아니지만 다 찍었다. ㅋ

100좌 하러 가야 하는데...
#서울 #발길이안떨어져
수정됨 · 13시간"
39,,,2022-08-25T21:37:06.000Z,"8월 26, 2022","qaprmvscy02627835
🌸#스토끼 🌜#향기 🌷#단편영화 🍉#요섹남의길 👯#목포집 🐝#서울구경 🔥#멋남 🍈#국회의사당 🐹#국산야동 😻#이름기억안냠 🐋#걸그룹노출 😏#스마트폰카드지갑 👩#섹후땡 🐞#혜화출장안마 🐚#살크업 👲#수성구술집
15시간"
40,,,2022-08-25T19:32:24.000Z,"8월 26, 2022","steveans832
.
2만보 걸은 날🏃🏼‍♀️
.
.
.
.
#서울구경 #걷기 #2만보 #서울역사박물관 #전차 #전시
17시간"
41,,,2022-08-25T19:31:37.000Z,"8월 26, 2022","steveans832
.
덕수궁 돌담길🚶🏼‍♀️
.
.
.
.
#서울구경 #덕수궁 #덕수궁돌담길
17시간"
42,,,2022-08-25T17:49:52.000Z,"8월 26, 2022","sangchul.baek93
.
서울투어 마치고 복귀하는길
동생 마중나와주신 멋있는 형들과 승재!
감사합니다! 덕분에 복귀길이
아주아주 즐거웠습니다!👏👍😆
재밋고, 즐겁고, 신났던 서울투어 끝!

요즘 바이크만타면 다들 비맞는다고..
우리 이쯤되면 비바리팀이라고... 하.. 슬프다😰
비바리 그만하곺다

#광주 #서울 #서울투어 #서울구경
#박투어 #바이크투어 #바이크여행
#마중바리 #군산 #정읍 #이성당
#천안 #할리우드 #할리우드카페 #천안카페
#용인 #성남 #호켄하임 #호켄하임모토라드
#모토라드 #모토라드카페 #호켄하임모토라드카페
#R18B #R1200GSADV #DUCATIDIAVEL
#S1000RR #F900XR #F800GSADV #GSXS750 #TMAX
19시간"
43,,,2022-08-25T17:26:22.000Z,"8월 26, 2022","jungok8604
#일상
.
.
.
#가족나들이 #나름 #여름휴가 #청와대관람 #서울구경
수정됨 · 1시간"
44,더현대서울 The Hyundai Seoul,https://www.instagram.com/explore/locations/105456698680842/the-hyundai-seoul/,2022-08-25T16:26:04.000Z,"8월 26, 2022",
45,,,2022-08-25T15:40:19.000Z,"8월 26, 2022","le2bible
🌹

여의도 나들이🌿
서울에 오래살아도 맨날 두리번 두리번
여의도에서 보는 한강은 또 새롭네🚶🏻‍♀️ #서울구경

낯선 곳에서 보는 익숙한 그림🤍
오늘도 반가웠어☺️

#goodnight #my_soul 🦋
21시간"
46,대한민국,https://www.instagram.com/explore/locations/215622513/,2022-08-25T14:52:28.000Z,"8월 25, 2022","tpgus1224
더 넓어진 광화문광장.

📷 Nikon Z fc

#광화문 #광화문광장 #서울구경 #산책 #여유 #힐링 #새로운광화문광장 #취미사진 #일상사진 #사진계정 #사진스타그램 #photo #photography
22시간"
47,대한민국,https://www.instagram.com/explore/locations/215622513/,2022-08-25T14:45:32.000Z,"8월 25, 2022","tpgus1224
忠武公 李舜臣. 충무공 이순신.

더 넓어져서 돌아온 광화문광장에 다녀왔습니다.

가징 먼저 보이는 이순신 동상입니다.

광장은 확실히 전보다 좋아진 것 같네요.

군대 다녀오고 경복궁 갔더니 광장이 없어져서

당황했던 기억이 있네요.

📷 Nikon Z fc

#광화문광장 #이순신 #이순신동상 #충무공 #충무공상 #충무공이순신 #서울구경 #일상사진 #거리사진 #취미사진 #사진계정 #사진스타그램 #photo #photography
수정됨 · 22시간"
48,,,2022-08-25T14:29:48.000Z,"8월 25, 2022","hyundai_shin
남산타워 전망대 야경 구경
20년전에 왔었어 둘이… 지금은 넷 😍😍

#서울구경#촌놈#남산타워#N타워#4인가족#곧사춘기아들#남산맛집#20년지기부부#일상#힐링
22시간"
49,잠실 롯데타워,https://www.instagram.com/explore/locations/112913484503251/,2022-08-25T13:45:02.000Z,"8월 25, 2022","highaendhigh
서울구경 롯데타워는 해도해도 너무 높다 🛕
.
.
#잠실 #롯데타워 #롯데월드몰 #야구장가기전 #서울구경 #포켓몬팝업스토어 #포켓몬팝업스토어in잠실 #피카츄 #거대피카츄등장 #마스터볼이필요해
23시간"
50,,,2022-08-25T13:42:26.000Z,"8월 25, 2022","bbangzip_jungnajiyo
#고향
ㅡ
사람이 많고.
차들이 많고.
먼지가 많고.
복작복작하다해도.
나만의 그때그시절 25년 세월의 이야기가 가득 남아있는 #서울
ㅡ
그보다 더 긴시간을 인천사람으로 살았는데도 내가 태어나 살았던 서울이 아직도 난 더 좋다 #그리운곳
ㅡ
#서울구경 👫
ㅡ
서울역에서 남대문시장을 지나 을지로입구를 지나고 방산시장까지 익숙한 그길을 걸었다 #걷기
ㅡ
친구들과 걷던 그길을
이젠 인생짝꿍과 손잡고 걸으며
ㅡ
우리두사람 너나할것없이 반은 투덜거리고 반은 깔깔거렸던 어제. 그날도 .역시나 그래도 좋았다고 훗날 기억할 것 같다
ㅡ
고향은 고향이었다 #좋았다
ㅡ
#빵집에정나지요 #쥔장의일상기록 #휴무일상📸 #부부스타그램 #고향스타그램
ㅡ
#2022년 #누가봐도 #촌놈 #나의살던고향 #서울나들이 #갈치조림 #골벵이무침 #맛집투어 #1997 #추억 #회상
ㅡ
#두리번두리번 #서울여자 #촌놈다됐네
23시간"
51,,,2022-08-25T13:21:33.000Z,"8월 25, 2022","eunice_donglim_kim
#미슐랭#노포탐방
별다섯개 레스토랑도 좋지만,
이야기가 있는 노포가 더 좋아진다

#서울사람#서울구경 #여의도맛집 #서글렁탕 #을지로#힙지로#들어가지않아도#맛집인증가능#간판이너무힙한을지로 ❤️ #여의도팀화이팅
수정됨 · 23시간"
52,,,2022-08-25T13:10:02.000Z,"8월 25, 2022","celinemaaa
..
북촌이 이리 아름다웠던가요
..
#서울촌놈 #서울구경 #오설록티하우스북촌 #깡통만두
수정됨 · 23시간"
53,책보냥,https://www.instagram.com/explore/locations/105141694748022/,2022-08-25T12:39:11.000Z,"8월 25, 2022","bro__kang
#korea #seoul #성북동 #나들이 #서울구경 #책보냥 #하동 #하로 #한옥 #책방 #성곽길 #와룡공원 #금왕돈까스 #냠냠

성북동 한옥에서 사는 고양이의 책방
고양이 관련서적과 굿즈
이곳 주인은 작가님
고양이 좋아하셔서 시작
고즈넉한 옛 한옥집
기분좋은 경험
고양이들도 착하고
색다른 공간
그리고 성북동 구경
마지막엔 저녁 돈까스러버
오늘 하루도 잘 보냈다
1일"
54,,,2022-08-25T12:10:30.000Z,"8월 25, 2022","noljangnoljang
#생일선물

연로하신 엄마가 나이만 잔뜩 먹은 금쪽이 딸에게 주는 생일선물🥹

딸만 주면 미안하다고 사위 것 까지 플렉스✨

요즘 못난 딸한테 엄청 플렉스 하시는 어무이
감사합니다 잘 쓸께유😭

#자랑해서미안해요 #대확행
#엄마최고 #못난딸 #미우미우 #짱예쁨 #대박 #서울구경 #으른금쪽이 #장모님플렉스 #페라가모 #지갑두둑히 #돈벌자 #아들며느리 #뭐사지 #고민중이심 #멋진어른 #본받자
수정됨 · 1일"
55,,,2022-08-25T10:41:32.000Z,"8월 25, 2022","yfugiikyrjv72441577
🐧#경기광주맛집 💮#미녀 😌#데상트골프 🍙#테라스카페 🍆#평택무인텔 🌙#오늘은뭐먹지 😇#신음스타그램 😂#퇴근후공부 🐽#크리스탈모텔 🍳#달빛포차 🐵#성인용품섹시봉 🐑#빈티지소품도매 😻#삼척해수욕장 💐#동해번쩍 🍁#서울구경 🍫#펫스타그램
1일"
56,,,2022-08-25T09:28:47.000Z,"8월 25, 2022","luv_dasom__
다솜이랑 함께한 목요일
아빠바라기다솜🌻

#광화문
#국립민속박물관어린이박물관
#서울구경
1일"
57,더플레이스(코엑스점),https://www.instagram.com/explore/locations/176770283242360/,2022-08-25T08:50:55.000Z,"8월 25, 2022","nayeong3400
#서울구경 #첫_현체 #더플레이스폭탄피자 #더플레이스 #코엑스 #별마당도서관 #먹스타그램🍴
1일"
58,Novotel Ambassador Seoul Yongsan - 노보텔 앰배서더 서울 용산,https://www.instagram.com/explore/locations/2067029496857952/novotel-ambassador-seoul-yongsan-/,2022-08-25T08:17:59.000Z,"8월 25, 2022","ming_vvely_s
짱구랑 호캉스 🌊
1일"
59,,,2022-08-25T08:10:57.000Z,"8월 25, 2022","somi__mami
◞♡°somi +1437
⠀
#서울추억
⠀
재밌는데 데려가줘서 고맙습니다💕
⠀
엄마가 그린 ""아저씨처럼 생긴 요정"" 때문에
마음 상한날이었었지.... ㅋㅋ

#제주도살이 #제주촌아이 #서울구경
#트니트니어드벤쳐 #키즈잼가평센터
#재밌었어요👍 #다섯살 #47개월인생
1일"
60,,,2022-08-25T08:07:09.000Z,"8월 25, 2022","alamtom_choi
#2022KITAS#스마트소형전시회
#여름휴가
#서울구경
#코엑스인증샷은저기서😆
1일"
61,시청역,https://www.instagram.com/explore/locations/250422250/,2022-06-18T01:25:18.000Z,"6월 18, 2022","happydust2022
서울시청 앞
2022.06.18 09:00 즈음
주말 아침이라서인자 아직은 한산합니다 😀
.
.
.
#seoul #cityhall #namdaemun #sundayjourney #street #streetview #streetgram #visitseoul #seoul #tripseoulu #시청역 #서울구경 #남대문 #덕수궁 #시청 #주말나들이 #일요일
수정됨 · 1일"
62,세종문화회관 미술관,https://www.instagram.com/explore/locations/1023022208/,2022-08-25T07:36:09.000Z,"8월 25, 2022","ylee88796
올림피아 자그놀리 특별전: Life is Color
Olimpia Zagnola Life is Color
2022.05.27-2022.10.01

이탈리아 출신 일러스트레이터의 첫 전시회였다. 네온사인, 포스터, 조각등 다양한 작업물들로 그녀의 첫 전시회가 열렸다. 다양한 브랜드와의 협업물도 많이 있었다. 우연히 내가 갔던 시간에 작가가 사인을 해주고 사진을 찍어주는 시간이 있어서 싸인 받고 사진을 찍고 왔다.

It was the first exhibition of an Italian illustrator. Her first exhibition was held with various works such as neon signs, posters, and sculptures. There have been many collaborations with various brands. Coincidentally, there was time for the artist to sign autographs and take photos at the time I went, so I took autographs and photos.

#올림피아자그놀리특별전 #올림피아자그놀리 #olimpiazagnoli #lifeiscolor #세종미술관 #광화문역#전시회 #전시 #전시스타그램 #exhibition #서울구경 #seoultour #108mp #sejongmuseumofart
1일"
63,Bisit,https://www.instagram.com/explore/locations/107917244689438/bisit/,2022-08-25T07:28:46.000Z,"8월 25, 2022","a_tempting_shop
서울 명소를 원했다가
인파에 지친 친구를 끌고 온
동네에서 제일 좋아하는 브런치집.
.
애매한 소세지 이런거 없어서 좋아.
사람 없어서 젤 좋아.
.
#오픈런
#서울구경
#동네맛집
#브런치
#브런치맛집
#카페스타그램
#비지트
#내방
#내방역맛집
#어템팅샵_서울
수정됨 · 1일"
64,,,2022-08-25T06:53:08.000Z,"8월 25, 2022","r.t.zen_
Remastered

Light 💡
#2

전통속 역광1 ✨️

#창덕궁 #궁궐 #고궁 #종로 #서울 #서울여행 #서울구경 #서울나들이 #서울가볼만한곳 #도시뷰 #뷰 #뷰맛집 #뷰스타그램 #사진 #사진에미치다 #사진스타그램 #사진계정 #사진맛집 #일상 #일상그램 #일상사진 #일상생활 #일상스타그램 #찰나의순간 #찰나의순간을담다 #photo #photogram #photooftheday #photoeveryday
1일"
65,,,2022-08-25T05:48:24.000Z,"8월 25, 2022","rucielmall_32_32
🍃 사이트는 상단링크에 있습니다 🙋‍♀️
⠀
[ 인스타는 일부만 업뎃 합니다. ]
❥ 사이트에서는 수만가지 상품과
상세사진 및 사이즈 확인 가능합니다 :)
⠀
╔═══•| ✿ |•═══╗
⠀
⠀⠀𝑜𝑟𝑖𝑔𝑖𝑛𝑎𝑙 𝑞𝑢𝑎𝑙𝑖𝑡𝑦
⠀⠀𝑅𝑈𝐶𝐼𝐸𝐿𝑀𝐴𝐿𝐿🏷
⠀⠀
╚═══•| ✿ |•═══╝
⠀
⠀
⠀
.• DM / 댓글 문의 ❌
.• 현금 / 카드결제 무이자할부 ⭕
.• 3차 철저한 검수진행
.• 검수사진 또는 검수영상 제공
.• 배송기간은 출고 후 2-3주 소요
.• 수령할때까지 배송상시체크 후 안내
.• 모든제품 풀박스 구성
⠀
⠀
⠀
인스타 / 사이트에 없는
상품도 구매가능해용 🙆‍♀️
⠀
⠀
이미 한번 구매하신 언니들은
소개도 많이 해주시공
몇년째 쭉- 한결같이 이용중인
언니들이 많은 루시엘몰이에요 ✌
⠀
⠀
정품퀄리티로 이젠 당당하게 사용하세요 'ڡ'४
문의는 프로필 상단 링크로 문의주세욥 💛
⠀
⠀
⠀
⠀
1일"
66,모닝캄 커피랩,https://www.instagram.com/explore/locations/100588544865152/,2022-08-25T04:58:18.000Z,"8월 25, 2022","qolleqt
'고요한 아침 산책을 닮은 공간'

당산에 위치한 모닝캄 커피랩에 다녀왔습니다. 오픈한 지 2년 반이 지나가는 이곳은 커피가 맛있는 집으로 꽤나 유명합니다. 입구를 떡하니 지키고 있는 웅장한 돌덩이가 이 모닝캄의 또 다른 주인공… 어떻게 옮겨왔을까요? 바깥에서 보면 그냥 지나쳤을 바위가 공간에 자리를 잡으니 무슨 이야기가 숨겨있는지 호기심을 자극하네요.

카페인 충전이 얼른 필요한데,, 블로그와 인스타에 많이 올라온 크림 올라간 커피가 있었지만 이 날은 아아로 먹었어요.
여긴 커피 주문할 때 원두를 고를 수 있는데, 저는 카페에서 “산미와 고소함 중에서 원두를 고를 수 있어요” 라는 말을 들을 때면 괜히 그곳은 더 맛있을 거 같더라구요…
혹시 기대했던 맛이 아니더라도 산미파인 저로서는 그래도 이런 옵션이 있는게 너무 감사할 따름입니다.(그러고는 매우 맛있게 먹었더랬다...)

계산을 하고 둘러보니, 이곳.. 바위만 있었던게 아니에요. 여기저기 다 돌임요... 뭔가.. 사장님.. 돌에 진심입니다. 장식 오브제들 시선 연출도 되게 재밌어요.

커피 정말 맛있습니다. 작업하러 들렸던 공간인데 기분 너무 좋게 쉬다 온 느낌이에요. 취향에 맞을테니 꼭 들려보시길!
.
<모닝캄 커피랩> - [카페, 디저트]
.
📍서울 영등포구 당산로35길 1 1층 모닝캄커피랩
📱02-2677-1077
🕓매일 07:30 -22:00(토-일은 09:00부터)
.
.
.
수정됨 · 23시간"
67,,,2022-08-25T03:30:51.000Z,"8월 25, 2022","park21n
#친구 #사진에미치다 #사진이야기 #사진동호회 #서울어딘가 #홍대 #연남동 #대한민국구석구석
#사진생활 #서울구경 #우연히 #외국인?
#죽마고우
수정됨 · 10시간"
68,스타벅스 대한상공회의소 R,https://www.instagram.com/explore/locations/360075988016324/r/,2022-08-25T03:10:23.000Z,"8월 25, 2022","anakintwin
👔 ""Hello, Seoul.""

6년간 위례로 출퇴근하면서 좋았던 것은 출근길엔 나만 위례로 들어가고 퇴근길엔 나만 나가는 한산함이었다.

그래서 오늘 서울 중심으로 출장가는 길엔 오랜만에 다이내믹한 출근길을 체험할 수 있어서 좋았다. 그렇다, 하루정도는 할만한 것 같다. 매일 이런 일상을 보내시는 분들 존경합니다.

회사가 2번 바뀌어도 우연인지 대한상공회의소는 계속 오게 된다. 정겨운 곳 같으니라고.

스벅 사이렌 오더 50번째 메뉴도 경험했다. 그게 10분도 안돼 나오는 것도 내 눈으로 확인했다. 

서울토박이였다가 경기도민 된지 얼마나 됐다고 이런 광경이 생경한 나, 오늘 하루 시내에서 잘 보내고 가겠습니다.

#출장 #직장인 #서울구경 #스타벅스
1일"
69,금강펜테리움ix타워,https://www.instagram.com/explore/locations/1076403345847416/ix/,2022-08-25T02:18:00.000Z,"8월 25, 2022","no1poodles
사무실 내 캘린더는 🗓
The last summer vacation. 인데 🤭
여름 다 보내고 여유로운 휴가보내기!

제일 늦게 잡길 잘한것같다.
무더위 보내고와서 걱정없이 일단 즐기는중 🏝
노는 만큼 또 열심히 일하면되니깐 🏦

🛫비행기타고 해외여행 가지안아도 도심의 여행 꿀잼 🏙

#여름휴가 #사무실내자리필수품📲 #사무실캘린더 #캘린더 #새마을금고 #MG
#여유로운시간 #여유만만 #휴가
#daily #직장인 #도시여행 #서울구경 #홍대구경
#도시가좋아 #사람냄새나는곳
수정됨 · 1일"
70,,,2022-08-25T02:16:15.000Z,"8월 25, 2022","hye___zz
4박5일 서울교육일정

쿨한 우리딸래미는 엄마찾지도 않고 아빠랑 아주 잘 지내고있고 나는 교육도 열심히 듣고 서울구경도 열심히 하고 보고 싶었던 사람들도 만나고 아주〰️〰️행복한 시간을 보내는중🖤

#자유부인
1일"
71,,,2022-08-25T02:14:17.000Z,"8월 25, 2022","baguette_sik
2022.08.22.
•
•
• 강남역 쉑쉑버거
• 멕시칼리 타코
#서울구경
1일"
72,,,2022-08-25T01:00:35.000Z,"8월 25, 2022","e.k.nam
#동대문#ddp
동동 동대문을 열어라🎶
어제 방학 마지막날이라며 세상 잃은 표정의 두 어린이들이
짠해 급 전철(경기도민의 어휘)타고 다녀온 동대문 투어
나의 20대엔 청계천위 고가도로를 타고 다니던 시절
밤이면 도매상인 쇼핑나온 젊은이들로 술렁이던 밀리오레,두타,apm✨
지금은 우주선이 내려 앉은듯한 ddp가 랜드마크가 되었다.
전철에서 내려 동대문 실물영접하고
ddp의 모양새에 압도 당한 막둥이
기웃기웃 구경하고 밥 먹고 소소한 쇼핑후 다시 전철여행🚃
방학은 그렇게 마무리 되었다.
#역시1호선은빌런의성지#ddp#자하하디드#전철여행#서울구경#ddp보다더신기해했던종합신발상가#과거와미래#여름방학
수정됨 · 1일"
73,,,2022-08-25T00:51:19.000Z,"8월 25, 2022","iamfine.song
220825_깨뜨려
출근길에 꽉 찬 생각을 들여다보니 온통 싫은 것만 생각하고
있었다. 좋은 것들이 훨씬 많은데…

어제 톡방의 단서들로 20대 때를 떠올려보면
심각했던 고민들이 기억도 안나더라.
나는 내가…
화가 나면 맞서 싸우고
사랑은 표현하고
온통 깔깔깔 웃기고 신나는 생각만 하면서
하루를 보내길 바란다.
수정됨 · 1일"
74,동대문디자인플라자 DDP,https://www.instagram.com/explore/locations/441279525/ddp/,2022-08-24T23:47:08.000Z,"8월 25, 2022","romantiqueseoulian
Dongdaemun in Jongno-gu ,Seoul.
Originally called Heunginmun means""Rising Benevolence Gate""

It originally built in 1398. Present construction dates from 1869.

#jongno #dondaemun #ddp #heunginmun #seoul #korea #gate #city #travel #trip #citytour #asia #night #nightphotography #동대문 #흥인지문 #문화재 #서울 #관광지 #도심 #시티투어 #서울구경 #종로 #야경
1일
번역 보기"
75,홍대 어딘가,https://www.instagram.com/explore/locations/373640073/,2022-08-24T23:23:32.000Z,"8월 25, 2022","__cooldog
지하철 환승까지할줄 알게된 촌놈의 서울구경 ver1(가끔 네비가 되어준 잘생긴 서울차도남오빠들 땡큐🙇🏻 하지만 나의 뇌비는 다른곳으로..)
연남동? 그 말로만듣던 곳을 가봐서 좋았음 웨이팅 한시간50분해서 낙곱새라니 맛잇었으니 봐준다 처음알게된사실 홍대랑 가까웠구나
웨이팅없이 들어간 아이라이크 피짜가 왜더맛잇었는지는 나도모르겠다
카페이름은 모르겠는데 일단 여기는 존예들이 다니는곳으로..일단
연남동어딘가의 카페인데 라식한 내두눈으로 엠알아이찍어본결과
좀산다는 집안의 자제분들일 가능성이 아..여여기까지 그리고 필자는 와인을 잘모르는데 쉬라즈라는 레드와인먹고 뻗었습니다 이거 프랑스에서 건너온 한국판 막걸리느낌아니오?
이글의주제는
나진심 서울말 쓰는줄알았는데 다들 사투리쓴다고 해서 충격먹음 이구요
사진 여러장 10개말고 무제한으로 풀어주면 안되나요? 20개는 올려야는데 그림일기처럼 라는 작품입니다feat누가 나보겟냐고 내가 나라도 나를 좀봐줘야지
(신기하게 쳐다보는 사람 몇몇있더라)
.
.
.
@__cooldog #인스타시작 #정읍 #전주 #광주 #카페 #커피 #서울 #서울구경 #홍대 #연남동 #용산역 #홍대입구 #와인 #인계동 #수원 #조던 #나이키 #프라이탁 #freitag #익산 #고창 #경기도 #평화연남 #낙곱새 #쉬라즈 #피자 #힐링 #여행 #서울구경 #지하철
아니태그좀 더쓰게해줘 부족하다고
1일"
76,인왕산,https://www.instagram.com/explore/locations/103857045544439/,2022-08-24T23:14:22.000Z,"8월 25, 2022","yunjeong3255
#첫줄

내 맘 가는 데로... 내 발 가는 데로...
#인왕산 오르다

왜 때문에?
겸재 정선의 #인왕제색도 설명 영상을 보고
(in #이건희컬렉션)

1~6. #인왕산정상 #인왕산야경 #인왕산일몰
여러 인친님들 말처럼 가성비 짱 산행

7.8 #이건희컬렉션특별전 #어느수집가의초대
#국립중앙박물관
티켓 현장구매로 약 2시간 웨이팅

9.10 #프릳츠 #원서동카페
독특하다.
내 빵을 노리는 참새들의 만행

#집에안간다 #서울여행
1일"
77,여의도한강공윈,https://www.instagram.com/explore/locations/769277942/,2022-08-24T18:35:00.000Z,"8월 25, 2022","lucky_chaewoon
수박맛이랑 비타500
앗 상큼해~😆
알차게 보낸 #채운투어
엄마도 즐거우셨다 한다 ㅎㅎㅎ😆😆👏

함께 할 수 있어 감사하고 고마운시간
항상 건강하기 아프지않기💗

22. 7. 28
#서울구경#서울투어
#채운투어#럭키채운
수정됨 · 1일"
78,,,2022-08-24T17:56:10.000Z,"8월 25, 2022","sangchul.baek93
.
서울 박투어!
가보고싶었던 라이더카페들도, 잠수교도,
북악스카이웨이도 다! 가봤다ㅎㅎ

오랜만에 보는 강남 빌딩숲이 오늘따라 정말
멋있었다!

#광주 #서울 #박투어 #서울투어
#서울구경 #서울야경 #빌딩숲 #강남역
#강남투어 #잠수교 #RSG #CAFERACER
#알슥 #카페레이서 #북악스카이웨이
#종로 #성수 #용인 #롤링트라이브
#올드타운로드 #천안 #무복커피 #R1200GSA
#R1200GSADV #어드방 #어드벤처
1일"
79,,,2022-08-24T17:14:15.000Z,"8월 25, 2022","mac_yangang
브릭쓰루 나도 샀지 \^_^/

#파우더키스벨벳블러슬림스틱
#서울구경 #익선동맛집 #뜰안 #데일리 #무릎 #daily #makeup #instalike #데일리룩 #selfie #오늘 #뷰스타 #life4life #뷰티꿀팁
1일"
80,남산둘레길,https://www.instagram.com/explore/locations/267923621/,2022-08-24T15:05:10.000Z,"8월 25, 2022","katpark__
.
재니의 첫 산행 이라고 하기엔 둘레길 산책이지만 그래도 아파트단지만 돌다가 자연으로 나오니좋다🐥 좀 선선해지나했더니 다시 급더워져 자면서 땀 뻘뻘 흘리고 인생처음 모기도 두방 물렸지만 미국에있는 @janeim2 이모삼촌이 사다준 아빠학교옷 아빠랑 할부지랑 셋이서 커플로 맞춰입고 즐거웠던 시간💚💚 #인생215일차 #7개월아기
.
#내사진백년만
#남산둘레길
#서울구경
수정됨 · 1일"
81,,,2022-08-24T14:34:45.000Z,"8월 24, 2022","exist._o
필름느낌 한 스푼
1일"
82,,,2022-08-24T14:28:03.000Z,"8월 24, 2022","joy_scenery
여름, 한강 🌿
.
.
.
#풍경 #풍경사진 #한강 #여름캠핑 #포토 #photo #사진소통 #감성사진_찰칵📸 #서울구경#디마에 #시작
수정됨 · 1일"
83,광화문 - 光化門 Gwanghwamun,https://www.instagram.com/explore/locations/101445832342620/-gwanghwamun/,2022-08-24T13:56:06.000Z,"8월 24, 2022","_romimom_
:
여름의 끝자락
시원섭섭하구료😹
-
#내사랑이로미 #셔틀랜드쉽독 #sheltie #dog #멍스타그램 #서울구경
1일"
84,,,2022-08-24T13:28:10.000Z,"8월 24, 2022","yeonjoo_cook
#세자매
#갑자기모임
#서울구경
#휘둥그레
#익선동

언니가 갑자기 모이자해서
나갔는데...
막내인 올케만 선약있어 빠지고
자매 셋이 뭉쳤다

역시 여자들 수다는 삶의 원동력~~ㅋㅋ

웃고 떠들고
우리 이렇게 곱게 늙어가자~~~
1일"
85,,,2022-08-24T13:23:36.000Z,"8월 24, 2022","chaejieun0226
코로나해제로 드뎌떠난 수학여행~1일차!서울구경이지만..나름 프로그램이 알차고좋아요~ 아직 내품의자식인디..불안한엄마맘도 모르고 들떠서 떠난 내사랑쪼은유리~ 좋은추억많이만들고 눈에도 뜸뿍넣어서오렴!
#오천초수학여행 #1일차 #잡월드 #애슐리 #덕수궁 #보고잡네 #서울구경 #집밖은위험해 #품안의자식또르륵 #좋은경험멋짐폭발
수정됨 · 1일"
86,,,2022-08-24T13:22:05.000Z,"8월 24, 2022","artkimhi
아들덕에 서울구경 했어여.^^
다음엔 해외구경 시켜준다는 아들...^^

#서울구경
#광화문광장
#시상식
#축하해🎉
1일"
87,송리단길 SongniDan-gil,https://www.instagram.com/explore/locations/2197339867170927/songnidan-gil/,2022-08-24T11:37:00.000Z,"8월 24, 2022","_rrr.ni
오랜만에 만난 지윤이랑 @yujiyunn 지윤이가 찾은 송리단길 수제버거 파샬
넘 맛있고오 분위기 좋았던 곳 🍔
그리고 z플립은 나를 180으로 만들어주는구나 ㅋㅋㅋ
2일"
88,,,2022-08-24T11:02:26.000Z,"8월 24, 2022","mj851030
난 그렇게 혼자
가을옷을 입었다고 한다 🤎

#가로수길카페#데일리#서울구경
2일"
89,,,2022-08-24T10:42:00.000Z,"8월 24, 2022","sukinsomi
여러가지 다이어트 하고도
유지못하고 요요가 오셨다구요?😢
다이어트하고나서 유지가 중요하고
거기에 효과 업하려면
기본적인 운동은 기본이죠~‼️

짧은시간인데 효과가 좋아요~
그래서 지방에서도
자세교정도 받으려고 많이 참석 하고 있답니다😆

♡- - - - - - - - - - - - - - - - - - - - - -
🧐문의는 프로필 상단 링크 클릭👉@sukinsomi
🍀개인마다 효과는 다를 수 있습니다😉
- - - - - - - - - - - - - - - - - - - - - - ♡
2일"
90,,,2022-08-24T10:39:21.000Z,"8월 24, 2022","sakazuki1212
2021년 한해를 돌아보게하는~
SKKU MBA 졸업식

석사 학위 취득ㅋ

책도 많이 보고, 새로운 인연도 많이 생겼던~~

간만에 서울구경도 하고~~

어느덧 100번째 게시물 업로드ㅋㅋ

#성대MBA 7기
#서울구경
#성균관대학교
#남산
#케이블카
#뉴진스
#어텐션
수정됨 · 2일"
91,Seocho-dong,https://www.instagram.com/explore/locations/520664420/seocho-dong/,2022-08-24T09:36:34.000Z,"8월 24, 2022","da.gyeong.2
#서울구경
ㅋㅋㅋㅋㅋㅋㅋㅋㅋㅋ

#4개월 #애기엄마 치곤 좀 괜찮쥬?😉
비결이 궁금하신분은 손~!🙌🏻👋🏻

#미팅대기중 간만에 #서초동
#두근두근 #설렘설렘
#워킹맘일상 #워킹맘스타그램 #워킹맘그램
#워킹맘소통 #동탄맘 #동탄맘스타그램
#동탄빅토리 #빅토리동탄 #빅토리팀모여라

#서울본부최강미모팀
#나는나를이기고성공한다
2일"
92,Seocho-dong,https://www.instagram.com/explore/locations/520664420/seocho-dong/,2022-08-24T09:36:38.000Z,"8월 24, 2022","incellderm_onhwa
#서울구경
ㅋㅋㅋㅋㅋㅋㅋㅋㅋㅋ

#4개월 #애기엄마 치곤 좀 괜찮쥬?😉
비결이 궁금하신분은 손~!🙌🏻👋🏻

#미팅대기중 간만에 #서초동
#두근두근 #설렘설렘
#워킹맘일상 #워킹맘스타그램 #워킹맘그램
#워킹맘소통 #동탄맘 #동탄맘스타그램
#동탄빅토리 #빅토리동탄 #빅토리팀모여라

#서울본부최강미모팀
#나는나를이기고성공한다
2일"
93,,,2022-08-24T09:21:49.000Z,"8월 24, 2022","wonraekim
친구보러 국회의사당놀러옴
#서울구경 #국회의사당
2일"
94,,,2022-08-24T09:17:52.000Z,"8월 24, 2022","4lifecandy
서울은
커피도 맛있고
빵도 맛있고
밥도 맛있단다.ㅋㅋㅋ
아마 함께하는 분들이 더 좋아서 그런듯^^
촌에서 왔다고...골드님들의 사랑 많이 받고 갑니다.

#서울구경
#나무수
#신촌설렁탕
#잘놀다갑니다
#골드님
#사랑
2일"
95,,,2022-08-24T07:57:45.000Z,"8월 24, 2022","mijiqueen10
#서울구경

별마당 도서관 구경ㅎ
어디서 왔어요?
경상도 사투리 날리며🤣

#별마당도서관📚
2일"
96,,,2022-08-24T07:57:27.000Z,"8월 24, 2022","bassjung00
#우육면관 #청계천 #건강한맛 #찐한 #국물이끝내줘요 #종로 #오이 #피클 #반찬 #인생맛 #일산 #정발산역 #주말 #나들이 #서울구경 #새콤 #고기 #좋아
2일"
97,홍대 어딘가,https://www.instagram.com/explore/locations/373640073/,2022-08-24T06:35:56.000Z,"8월 24, 2022","p_icland
_-_-_-_-_-_-_-_-_-_-_-_-_-_-_-_
📷 Sony a7iii
⚙️ fe 70-200 gm
🛠 200mm | F2.8 | ISO 80 | SS 1/500
-_-_-_-_-_-_-_-_-_-_-_-_-_-_-_-_-_-_-_-
.
.
.
.
.
.
.
.
.
.
.
.
.
.
.
.
#70200 #a7m3
#sonyphotography
#streetphotography
#photo_korea
#streetphotographer
#alleyphotography
#moodytoning
#photolover
#koreastreet
#streetview
#snapshots
2일
번역 보기"
98,COEX Mall,https://www.instagram.com/explore/locations/1632708927058539/coex-mall/,2022-08-24T06:25:26.000Z,"8월 24, 2022","victory_hyunsuk
빅토리아는 공부중^^

#서울구경
#미래지향적
#발전하는삶
을 핑계로 사서고생하는편...

#젊어서고생은사서도한단디
#그만사도쓰것다....
2일"
99,서울,https://www.instagram.com/explore/locations/213094191/,2022-08-24T06:23:46.000Z,"8월 24, 2022","luckcory02
리얼후기들 ◡̈⠀
⠀⠀
⠀
많은 다이어트를 도전 하시고
실패하셨던 분들이
혜선코치에게 문의를 주시고 시작 하신답니다✨
⠀⠀
⠀
고민부위에 따라,
살이 찐 원인에 따라,
1:1 개인맞춤으로 안내해 드리기 때문에
효과보신 울 고객님들은
⠀
⠀
"" 코치님, 돈번느낌이에요 ""⠀
"" 코치님, 진작 만났으면 좋았을텐데 ""⠀
"" 코치님, 만나서 너무 행복해요 ""⠀
⠀
⠀

"" 친언니가 하고 싶데요 ""
"" 친구가 궁금하데요 ""
"" 우리엄마 필요해요 ""



감사한 후기들과 소개 하고싶다고 남겨주시니❤️
더더,, 고객님들 살빼드리고픈 열정이
불끈입니다✊🏻🔥🔥🔥
⠀


💡𝐝𝐢𝐞𝐭문의는 디엠 또는 프로필링크 𝐜𝐥𝐢𝐜𝐤 📲
2일"
100,,,2022-08-24T06:05:44.000Z,"8월 24, 2022","rucielmall_24_56
🌿 사이트는 상단링크에 있습니다 🙋‍♀️
⠀
[ 인스타는 일부만 업뎃 합니다. ]
❥ 사이트에서는 수만가지 상품과
상세사진 및 사이즈 확인 가능합니다 :)
⠀
┏━━✦❘༻༺❘✦━━┓
⠀
⠀⠀𝑜𝑟𝑖𝑔𝑖𝑛𝑎𝑙 𝑞𝑢𝑎𝑙𝑖𝑡𝑦
⠀⠀𝑅𝑈𝐶𝐼𝐸𝐿𝑀𝐴𝐿𝐿🏷
⠀⠀
┗━━✦❘༻༺❘✦━━┛
⠀
⠀
⠀
❥･• DM / 댓글 문의 ✋
❥･• 현금 / 카드결제 무이자할부가능
❥･• 3차 철저한 검수진행
❥･• 검수사진ㆍ추가촬영제공
❥･• 배송기간은 출고 후 2-3주 소요
❥･• 수령할때까지 배송상시체크 후 안내
❥･• 모든제품 풀박스 구성
⠀
⠀
⠀
인스타ㆍ사이트에 없는
상품도 구매가능해용 🖤
⠀
⠀
이미 한번 구매하신 언니들은
소개도 많이 해주시공
몇년째 쭉- 한결같이 이용중인
언니들이 많은 루시엘몰이에요 🖤
⠀
⠀
정품퀄리티로 이젠 당당하게 사용하세요 'ڡ'४
문의는 프로필 상단 링크로 문의주세욥 🤳
⠀
⠀
⠀
⠀
2일"
